<?xml version="1.0"?>
<VTKFile type="UnstructuredGrid"  byte_order="LittleEndian">
<UnstructuredGrid>
<Piece NumberOfPoints="2618" NumberOfCells="5374">
<Points>
<DataArray type="Float32" NumberOfComponents="3" format="ascii">
2.000000 0.000000 0.000000 1.432224 -0.319638 0.000000 1.984229 -0.250666 0.000000 1.767677 -0.002581 0.000000 1.753942 -0.228639 0.000000 1.551015 -0.233508 0.000000 1.984229 0.250666 0.000000 1.315799 -0.426779 0.000000 1.371983 -0.198966 0.000000 1.495928 -0.447246 0.000000 1.937166 -0.497380 0.000000 1.562956 0.004856 0.000000 1.753942 0.233802 0.000000 1.702010 -0.476076 0.000000 1.464492 -0.100233 0.000000 1.551015 0.238365 0.000000 1.937166 0.497380 0.000000 1.265947 -0.594515 0.000000 1.157740 -0.399846 0.000000 1.214425 -0.228806 0.000000 1.438032 -0.650843 0.000000 1.295373 -0.096385 0.000000 1.623290 -0.699768 0.000000 1.859553 -0.736249 0.000000 1.382342 0.020589 0.000000 1.702012 0.467954 0.000000 1.371987 0.205829 0.000000 1.495932 0.437086 0.000000 1.263773 0.310010 0.000000 1.115623 -0.284103 0.000000 1.084044 -0.588466 0.000000 1.223391 -0.000000 0.000000 1.315799 0.441087 0.000000 1.859553 0.736249 0.000000 1.339398 -0.840149 0.000000 1.172210 -0.790238 0.000000 1.019570 -0.403685 0.000000 1.075533 -0.173933 0.000000 1.531577 -0.897520 0.000000 1.752613 -0.963507 0.000000 1.214417 0.185661 0.000000 1.634903 0.685317 0.000000 1.417876 0.657405 0.000000 1.157747 0.381900 0.000000 1.016135 -0.255758 0.000000 1.027077 -0.746910 0.000000 0.982953 -0.558637 0.000000 1.083266 -0.030558 0.000000 1.147159 0.084424 0.000000 1.265951 0.594516 0.000000 1.075533 0.163747 0.000000 1.114957 0.567436 0.000000 0.708101 -0.742066 0.000000 0.901000 -0.709272 0.000000 1.752613 0.963507 0.000000 1.405064 -1.074109 0.000000 1.221385 -0.986601 0.000000 1.063392 -0.911332 0.000000 0.898666 -0.319602 0.000000 0.898669 -0.403296 0.000000 0.953057 -0.140473 0.000000 1.618034 -1.175570 0.000000 1.047551 0.283716 0.000000 1.531577 0.897520 0.000000 1.339398 0.840149 0.000000 1.019570 0.403685 0.000000 0.925861 -0.230038 0.000000 0.926845 -0.846279 0.000000 0.832262 -0.577627 0.000000 0.867454 -0.499367 0.000000 0.959709 -0.011559 0.000000 1.015815 0.073361 0.000000 1.172210 0.790238 0.000000 0.953052 0.175149 0.000000 1.027077 0.746910 0.000000 0.982953 0.548073 0.000000 0.696363 -0.648181 0.000000 0.740593 -0.873490 0.000000 0.650736 -0.811408 0.000000 0.809394 -0.790324 0.000000 0.791517 -0.676588 0.000000 0.620849 -0.700498 0.000000 0.479275 -0.583373 0.000000 0.811321 -0.418990 0.000000 0.261278 -0.542336 0.000000 0.324807 -0.573999 0.000000 0.791517 0.676588 0.000000 0.266562 -0.590769 0.000000 0.212931 -0.517633 0.000000 0.449217 -0.672181 0.000000 0.901000 0.709272 0.000000 0.399704 -0.637973 0.000000 0.708101 0.742066 0.000000 0.620849 0.700498 0.000000 0.221698 -0.503089 0.000000 0.573335 -0.757933 0.000000 0.541725 -0.602016 0.000000 0.545700 0.664696 0.000000 0.506670 -0.711875 0.000000 0.545700 -0.664696 0.000000 0.288563 -0.561187 0.000000 0.237753 -0.526083 0.000000 0.480935 -0.633841 0.000000 0.245796 -0.562451 0.000000 0.696363 0.648181 0.000000 0.312100 -0.608572 0.000000 1.618034 1.175570 0.000000 1.457937 -1.369094 0.000000 1.269012 -1.238568 0.000000 1.106070 -1.125993 0.000000 0.965915 -1.029162 0.000000 0.792804 -0.341005 0.000000 0.818733 -0.261441 0.000000 0.845267 -0.180023 0.000000 0.850974 -0.025534 0.000000 0.925859 0.271288 0.000000 1.405064 1.074109 0.000000 1.221385 0.986601 0.000000 0.867451 0.499366 0.000000 0.898666 0.367427 0.000000 0.844783 -0.945473 0.000000 0.730552 -0.575528 0.000000 0.766318 -0.514744 0.000000 0.900706 0.060886 0.000000 1.063392 0.911332 0.000000 0.845267 0.218324 0.000000 0.845267 0.128955 0.000000 0.926845 0.846279 0.000000 0.832262 0.590007 0.000000 0.613584 -0.623469 0.000000 0.727432 -1.010835 0.000000 0.636628 -0.922889 0.000000 0.559231 -0.847928 0.000000 0.498511 -0.542495 0.000000 0.425080 -0.567194 0.000000 0.732194 -0.433206 0.000000 0.301394 -0.530270 0.000000 0.270486 -0.521043 0.000000 0.376992 -0.584321 0.000000 0.336975 -0.540892 0.000000 0.809394 0.790324 0.000000 0.267953 -0.636588 0.000000 0.239954 -0.601304 0.000000 0.205627 -0.547156 0.000000 0.182889 -0.521727 0.000000 0.200000 -0.500000 0.000000 0.388378 -0.682450 0.000000 0.436570 -0.729126 0.000000 0.347230 -0.642597 0.000000 0.740593 0.873490 0.000000 0.650736 0.811408 0.000000 0.573335 0.757933 0.000000 0.613584 0.623469 0.000000 0.246628 -0.487200 0.000000 0.246628 -0.506638 0.000000 0.221698 -0.483350 0.000000 0.493114 -0.783891 0.000000 0.565261 -0.551998 0.000000 0.541725 0.602016 0.000000 0.506670 0.711875 0.000000 0.480935 0.633841 0.000000 0.221963 -0.573665 0.000000 0.730552 0.534710 0.000000 0.668278 0.581312 0.000000 0.301117 -0.642608 0.000000 0.830323 0.423090 0.000000 0.243623 0.513023 0.000000 0.357009 0.608476 0.000000 0.388378 0.682450 0.000000 0.449217 0.672181 0.000000 0.399704 0.637973 0.000000 0.269076 0.532909 0.000000 0.313505 0.593941 0.000000 1.457937 1.369094 0.000000 1.274848 -1.541026 0.000000 1.104061 -1.375614 0.000000 0.958345 -1.234483 0.000000 0.833718 -1.113778 0.000000 0.700231 -0.285633 0.000000 0.700233 -0.356837 0.000000 0.750298 -0.215627 0.000000 0.750298 -0.146469 0.000000 0.755160 -0.041495 0.000000 0.755160 0.027663 0.000000 0.792804 0.341005 0.000000 1.269012 1.238568 0.000000 1.106070 1.125993 0.000000 0.766318 0.475219 0.000000 0.642071 -0.518915 0.000000 0.677883 -0.468344 0.000000 0.965915 1.029162 0.000000 0.771134 0.262987 0.000000 0.750296 0.187964 0.000000 0.750296 0.118806 0.000000 0.844783 0.945473 0.000000 0.713917 -1.200818 0.000000 0.627723 -1.083277 0.000000 0.554086 -0.982860 0.000000 0.491321 -0.897268 0.000000 0.498511 -0.493288 0.000000 0.440582 -0.500047 0.000000 0.565261 -0.489605 0.000000 0.390213 -0.527078 0.000000 0.648623 -0.397500 0.000000 0.308379 -0.496735 0.000000 0.275342 -0.491633 0.000000 0.346452 -0.502613 0.000000 0.289248 -0.679392 0.000000 0.252360 -0.665551 0.000000 0.218226 -0.652745 0.000000 0.213345 -0.611840 0.000000 0.196623 -0.575306 0.000000 0.166915 -0.547155 0.000000 0.180000 -0.500000 0.000000 0.159489 -0.522194 0.000000 0.200000 -0.480000 0.000000 0.391848 -0.761619 0.000000 0.352766 -0.708324 0.000000 0.437702 -0.824150 0.000000 0.727432 1.010835 0.000000 0.636628 0.922889 0.000000 0.559231 0.847928 0.000000 0.493114 0.783891 0.000000 0.565262 0.551998 0.000000 0.246628 -0.467762 0.000000 0.221698 -0.463612 0.000000 0.479275 0.583373 0.000000 0.436570 0.729126 0.000000 0.438685 0.611226 0.000000 0.642071 0.518915 0.000000 0.677882 0.454103 0.000000 0.275342 0.510725 0.000000 0.221698 0.503089 0.000000 0.228065 0.538272 0.000000 0.245126 0.490392 0.000000 0.335588 0.564596 0.000000 0.323596 0.643445 0.000000 0.373814 0.567280 0.000000 0.391848 0.761619 0.000000 0.352766 0.708324 0.000000 0.256471 0.554694 0.000000 0.299834 0.547562 0.000000 0.308379 0.515429 0.000000 0.282078 0.579495 0.000000 0.290908 0.623969 0.000000 0.171283 -0.576947 0.000000 0.314192 -0.729530 0.000000 0.202593 0.521727 0.000000 0.473110 -0.455336 0.000000 0.260269 0.615191 0.000000 0.160000 -0.500000 0.000000 1.274848 1.541026 0.000000 1.071654 -1.688656 0.000000 0.933153 -1.499786 0.000000 0.814984 -1.338641 0.000000 0.619014 -0.271730 0.000000 0.666503 -0.168935 0.000000 0.619014 -0.332433 0.000000 0.666504 -0.109852 0.000000 0.670628 -0.000000 0.000000 0.668566 0.069697 0.000000 0.700231 0.285633 0.000000 0.700231 0.356837 0.000000 1.104061 1.375614 0.000000 0.958345 1.234483 0.000000 0.600294 -0.435578 0.000000 0.833718 1.113778 0.000000 0.666503 0.213247 0.000000 0.666503 0.139393 0.000000 0.659697 -1.424007 0.000000 0.584155 -1.272164 0.000000 0.519724 -1.142656 0.000000 0.464680 -1.032015 0.000000 0.417762 -0.937709 0.000000 0.532498 -0.451376 0.000000 0.390212 -0.491663 0.000000 0.421154 -0.444809 0.000000 0.308378 -0.459347 0.000000 0.346410 -0.466136 0.000000 0.275341 -0.453449 0.000000 0.273265 -0.745734 0.000000 0.223938 -0.700612 0.000000 0.182398 -0.652746 0.000000 0.176400 -0.611838 0.000000 0.139536 -0.548170 0.000000 0.139242 -0.578602 0.000000 0.173333 -0.486667 0.000000 0.186667 -0.473333 0.000000 0.140000 -0.500000 0.000000 0.139786 -0.522194 0.000000 0.200000 -0.460000 0.000000 0.377682 -0.857147 0.000000 0.343406 -0.788250 0.000000 0.627723 1.083277 0.000000 0.713917 1.200818 0.000000 0.554086 0.982860 0.000000 0.491321 0.897268 0.000000 0.437702 0.824150 0.000000 0.498511 0.509690 0.000000 0.565261 0.489605 0.000000 0.246628 -0.448324 0.000000 0.221698 -0.443873 0.000000 0.440582 0.534249 0.000000 0.600294 0.450754 0.000000 0.619015 0.377961 0.000000 0.275341 0.472541 0.000000 0.291289 0.493244 0.000000 0.200000 0.500000 0.000000 0.221698 0.483350 0.000000 0.205627 0.547155 0.000000 0.234232 0.568808 0.000000 0.246628 0.467762 0.000000 0.346452 0.520849 0.000000 0.289248 0.679392 0.000000 0.390212 0.527078 0.000000 0.343406 0.788250 0.000000 0.377682 0.857147 0.000000 0.314192 0.729530 0.000000 0.326737 0.491634 0.000000 0.243598 0.646231 0.000000 0.182889 0.521727 0.000000 0.473109 -0.405210 0.000000 0.231922 0.607069 0.000000 0.155000 -0.485000 0.000000 0.485625 0.465164 0.000000 0.120083 -0.522194 0.000000 0.246628 -0.428886 0.000000 0.163186 0.521727 0.000000 0.139786 0.522194 0.000000 1.071654 1.688656 0.000000 0.851559 -1.809654 0.000000 0.748029 -1.601557 0.000000 0.548048 -0.275574 0.000000 0.592702 -0.211152 0.000000 0.592702 -0.133161 0.000000 0.548049 -0.355539 0.000000 0.596173 -0.046794 0.000000 0.596173 0.046794 0.000000 0.592702 0.117563 0.000000 0.619015 0.302082 0.000000 0.933153 1.499786 0.000000 0.814984 1.338641 0.000000 0.605643 0.240018 0.000000 0.592702 0.179955 0.000000 0.446468 -1.326670 0.000000 0.494939 -1.489243 0.000000 0.405131 -1.188022 0.000000 0.369815 -1.069571 0.000000 0.339714 -0.968608 0.000000 0.313999 -0.882360 0.000000 0.375732 -0.435606 0.000000 0.421153 -0.392804 0.000000 0.301034 -0.420471 0.000000 0.335863 -0.427528 0.000000 0.272142 -0.424939 0.000000 0.292008 -0.808600 0.000000 0.230629 -0.756681 0.000000 0.155285 -0.704924 0.000000 0.191495 -0.729798 0.000000 0.138496 -0.656028 0.000000 0.120426 -0.614242 0.000000 0.110502 -0.548169 0.000000 0.101344 -0.578602 0.000000 0.170000 -0.470000 0.000000 0.185000 -0.455000 0.000000 0.120000 -0.500000 0.000000 0.133333 -0.483333 0.000000 0.200000 -0.440000 0.000000 0.584155 1.272164 0.000000 0.519724 1.142656 0.000000 0.659697 1.424007 0.000000 0.464680 1.032015 0.000000 0.417762 0.937709 0.000000 0.532498 0.451376 0.000000 0.440583 0.482947 0.000000 0.221698 -0.424135 0.000000 0.548049 0.355539 0.000000 0.308378 0.459347 0.000000 0.272933 0.443415 0.000000 0.180000 0.500000 0.000000 0.200000 0.480000 0.000000 0.221698 0.463612 0.000000 0.166915 0.547156 0.000000 0.183687 0.577774 0.000000 0.209182 0.576947 0.000000 0.246628 0.448324 0.000000 0.346410 0.466136 0.000000 0.390213 0.473955 0.000000 0.273265 0.745734 0.000000 0.223938 0.700613 0.000000 0.292008 0.808600 0.000000 0.313999 0.882360 0.000000 0.208122 0.629020 0.000000 0.182398 0.652745 0.000000 0.485882 -0.365900 0.000000 0.146667 -0.473333 0.000000 0.473109 0.421919 0.000000 0.100379 -0.522194 0.000000 0.243838 -0.408882 0.000000 0.160000 0.500000 0.000000 0.139536 0.548169 0.000000 0.140000 0.500000 0.000000 0.120083 0.522194 0.000000 0.120000 0.500000 0.000000 0.100379 0.522194 0.000000 0.446468 1.326670 0.000000 0.304706 0.430518 0.000000 0.080676 -0.522194 0.000000 0.246628 0.428886 0.000000 0.851559 1.809654 0.000000 0.618034 -1.902113 0.000000 0.551611 -1.679326 0.000000 0.485883 -0.248939 0.000000 0.485883 -0.315774 0.000000 0.527711 -0.209306 0.000000 0.527712 -0.160326 0.000000 0.527711 -0.095020 0.000000 0.530608 -0.016327 0.000000 0.527712 0.095020 0.000000 0.530608 0.048980 0.000000 0.527712 0.144000 0.000000 0.548049 0.307560 0.000000 0.548049 0.259581 0.000000 0.748029 1.601557 0.000000 0.527712 0.209306 0.000000 0.285757 -1.218677 0.000000 0.294831 -1.363504 0.000000 0.323301 -1.533309 0.000000 0.247242 -1.094944 0.000000 0.245093 -0.989486 0.000000 0.247658 -0.899394 0.000000 0.375731 -0.399841 0.000000 0.431497 -0.343638 0.000000 0.383949 -0.356665 0.000000 0.270525 -0.395139 0.000000 0.301035 -0.382906 0.000000 0.335864 -0.390803 0.000000 0.207268 -0.822347 0.000000 0.086244 -0.704925 0.000000 0.137473 -0.762198 0.000000 0.102668 -0.656028 0.000000 0.083481 -0.614242 0.000000 0.081468 -0.548169 0.000000 0.063446 -0.578602 0.000000 0.160000 -0.450000 0.000000 0.186667 -0.433333 0.000000 0.173333 -0.441667 0.000000 0.100000 -0.500000 0.000000 0.112500 -0.485000 0.000000 0.125000 -0.470000 0.000000 0.200000 -0.420000 0.000000 0.405131 1.188022 0.000000 0.369815 1.069571 0.000000 0.494939 1.489243 0.000000 0.339714 0.968608 0.000000 0.485882 0.365900 0.000000 0.421154 0.427474 0.000000 0.220468 -0.404147 0.000000 0.485883 0.315774 0.000000 0.335864 0.427528 0.000000 0.270525 0.414289 0.000000 0.186667 0.473333 0.000000 0.170000 0.485000 0.000000 0.200000 0.460000 0.000000 0.221698 0.443873 0.000000 0.158192 0.578602 0.000000 0.176400 0.611840 0.000000 0.375731 0.435606 0.000000 0.222867 0.822347 0.000000 0.197639 0.756681 0.000000 0.172351 0.702769 0.000000 0.247658 0.899393 0.000000 0.138496 0.656029 0.000000 0.142857 -0.457143 0.000000 0.426326 0.385556 0.000000 0.243838 -0.389411 0.000000 0.155000 0.485000 0.000000 0.129768 0.578601 0.000000 0.100824 0.548169 0.000000 0.133333 0.486667 0.000000 0.114286 0.485714 0.000000 0.100000 0.500000 0.000000 0.080676 0.522194 0.000000 0.294830 1.363497 0.000000 0.301034 0.401689 0.000000 0.060973 -0.522194 0.000000 0.080000 -0.500000 0.000000 0.243838 0.408882 0.000000 0.221698 0.424135 0.000000 0.499581 -0.053743 0.000000 0.046535 -0.614242 0.000000 0.265385 1.218677 0.000000 0.041270 -0.522194 0.000000 0.060973 0.522194 0.000000 0.618034 1.902113 0.000000 0.551611 1.679326 0.000000 0.343816 -1.731861 0.000000 0.374763 -1.964574 0.000000 0.431497 -0.274299 0.000000 0.470428 -0.207679 0.000000 0.470429 -0.156773 0.000000 0.470428 -0.088899 0.000000 0.472819 -0.016969 0.000000 0.472819 0.033937 0.000000 0.470429 0.088899 0.000000 0.470428 0.156773 0.000000 0.485883 0.265648 0.000000 0.470429 0.207679 0.000000 0.134143 -1.107735 0.000000 0.194864 -1.296301 0.000000 0.102367 -1.234119 0.000000 0.201382 -1.455783 0.000000 0.217379 -1.640272 0.000000 0.108550 -1.000007 0.000000 0.150614 -0.907979 0.000000 0.342218 -0.352884 0.000000 0.383949 -0.320901 0.000000 0.270525 -0.356839 0.000000 0.243838 -0.369939 0.000000 0.305761 -0.349581 0.000000 0.105630 -0.829276 0.000000 0.034462 -0.704925 0.000000 0.038504 -0.762198 0.000000 0.048926 -0.656029 0.000000 0.087989 -0.762198 0.000000 0.042755 -0.548169 0.000000 0.025792 -0.595730 0.000000 0.025378 -0.562794 0.000000 0.140000 -0.440000 0.000000 0.162500 -0.425000 0.000000 0.185714 -0.414286 0.000000 0.093333 -0.484444 0.000000 0.110000 -0.470000 0.000000 0.120000 -0.453333 0.000000 0.200000 -0.400000 0.000000 0.270993 1.094944 0.000000 0.323302 1.533312 0.000000 0.231777 0.989486 0.000000 0.431497 0.343638 0.000000 0.375732 0.381959 0.000000 0.220468 -0.384394 0.000000 0.431497 0.300301 0.000000 0.335864 0.390803 0.000000 0.270524 0.385564 0.000000 0.170000 0.470000 0.000000 0.185000 0.455000 0.000000 0.200000 0.440000 0.000000 0.120426 0.614244 0.000000 0.152425 0.829276 0.000000 0.184590 0.903686 0.000000 0.153968 0.762198 0.000000 0.120764 0.704924 0.000000 0.102668 0.656029 0.000000 0.146667 0.473333 0.000000 0.101344 0.578601 0.000000 0.082860 0.562794 0.000000 0.062112 0.548169 0.000000 0.125000 0.470000 0.000000 0.095000 0.485000 0.000000 0.106667 0.468889 0.000000 0.080000 0.500000 0.000000 0.212703 1.455778 0.000000 0.189206 1.297200 0.000000 0.301034 0.364124 0.000000 0.060000 -0.500000 0.000000 0.072727 -0.485455 0.000000 0.243838 0.389410 0.000000 0.220468 0.404147 0.000000 0.200000 0.420000 0.000000 0.018532 -0.634324 0.000000 0.172542 1.161050 0.000000 0.021566 -0.522194 0.000000 0.040000 -0.500000 0.000000 0.041270 0.522194 0.000000 0.060000 0.500000 0.000000 0.125581 -1.996053 0.000000 0.323392 -0.331781 0.000000 0.006598 -0.578601 0.000000 -0.020000 -0.500000 0.000000 0.130000 -0.430000 0.000000 0.245889 -0.344157 0.000000 0.040000 0.500000 0.000000 0.020000 -0.500000 0.000000 0.305761 -0.312017 0.000000 -0.000000 -0.500000 0.000000 0.340638 1.731861 0.000000 0.374763 1.964574 0.000000 0.121516 -1.758338 0.000000 0.419942 -0.206246 0.000000 0.383949 -0.249372 0.000000 0.383951 -0.285136 0.000000 0.419942 -0.171176 0.000000 0.419942 -0.118573 0.000000 0.421886 -0.035069 0.000000 0.419942 -0.083503 0.000000 0.421886 -0.000000 0.000000 0.421887 0.035069 0.000000 0.419942 0.101038 0.000000 0.419943 0.136107 0.000000 0.419943 0.171177 0.000000 0.431497 0.256964 0.000000 0.419943 0.206246 0.000000 0.051014 -1.107732 0.000000 0.074041 -1.382056 0.000000 -0.020372 -1.234119 0.000000 0.100381 -1.555521 0.000000 0.077884 -0.907979 0.000000 0.026631 -1.000007 0.000000 0.342217 -0.297796 0.000000 0.273822 -0.327538 0.000000 0.220468 -0.364640 0.000000 0.027640 -0.829276 0.000000 -0.008630 -0.704925 0.000000 -0.013097 -0.656029 0.000000 -0.022009 -0.762198 0.000000 0.004043 -0.548169 0.000000 -0.009590 -0.614242 0.000000 0.144000 -0.416000 0.000000 0.160000 -0.406667 0.000000 0.185000 -0.395000 0.000000 0.085455 -0.470909 0.000000 0.098182 -0.456364 0.000000 0.110909 -0.441818 0.000000 0.200000 -0.380000 0.000000 0.148497 1.000007 0.000000 0.123938 1.555518 0.000000 0.383951 0.320901 0.000000 0.342218 0.352884 0.000000 0.383949 0.267254 0.000000 0.243838 0.369939 0.000000 0.270524 0.356839 0.000000 0.173333 0.446667 0.000000 0.160000 0.460000 0.000000 0.186667 0.433333 0.000000 0.083481 0.614244 0.000000 0.090032 0.829276 0.000000 0.121522 0.907979 0.000000 0.087989 0.762198 0.000000 0.068983 0.704925 0.000000 0.066840 0.656029 0.000000 0.142857 0.457143 0.000000 0.063446 0.578601 0.000000 0.044539 0.562795 0.000000 0.023399 0.548170 0.000000 0.125000 0.455000 0.000000 0.085455 0.470909 0.000000 0.074000 0.486000 0.000000 0.098182 0.456364 0.000000 0.116000 0.444000 0.000000 0.106874 1.382064 0.000000 0.102367 1.234124 0.000000 0.303397 0.338070 0.000000 0.053333 -0.485000 0.000000 0.069091 -0.470909 0.000000 0.220468 0.384394 0.000000 0.200000 0.400000 0.000000 0.185714 0.414286 0.000000 0.086641 1.107732 0.000000 0.001863 -0.522194 0.000000 0.033846 -0.484615 0.000000 0.021566 0.522194 0.000000 0.053333 0.485000 0.000000 -0.115161 -1.758338 0.000000 -0.125581 -1.996053 0.000000 -0.025547 -0.578602 0.000000 -0.040000 -0.500000 0.000000 -0.021566 -0.522194 0.000000 -0.014286 -0.485714 0.000000 -0.033846 -0.486154 0.000000 0.112727 -0.427273 0.000000 0.120000 -0.410000 0.000000 0.245888 -0.324686 0.000000 0.221425 -0.341941 0.000000 0.033846 0.484615 0.000000 0.020000 0.500000 0.000000 0.014286 -0.485714 0.000000 0.273822 -0.289238 0.000000 0.305760 -0.283843 0.000000 0.125581 1.996053 0.000000 0.172000 -0.388000 0.000000 -0.027640 -0.829276 0.000000 -0.001863 0.522194 0.000000 0.220468 0.364640 0.000000 0.034246 0.907978 0.000000 -0.060000 -0.500000 0.000000 -0.053333 -0.485000 0.000000 0.098182 0.441818 0.000000 0.000000 0.500000 0.000000 0.121516 1.758340 0.000000 -0.088602 -1.555521 0.000000 0.375494 -0.186951 0.000000 0.359125 -0.225691 0.000000 0.342217 -0.261071 0.000000 0.375494 -0.150885 0.000000 0.375493 -0.114819 0.000000 0.377044 -0.000000 0.000000 0.375493 -0.078754 0.000000 0.377044 -0.036066 0.000000 0.377045 0.036066 0.000000 0.375494 0.078754 0.000000 0.375494 0.114819 0.000000 0.375493 0.150885 0.000000 0.375493 0.186951 0.000000 0.383951 0.231490 0.000000 -0.110392 -1.107735 0.000000 -0.055287 -1.000007 0.000000 -0.115082 -1.382064 0.000000 -0.143110 -1.234119 0.000000 -0.034246 -0.907978 0.000000 0.245889 -0.305214 0.000000 0.200000 -0.360000 0.000000 -0.051723 -0.704925 0.000000 -0.048926 -0.656029 0.000000 -0.046535 -0.614242 0.000000 -0.071494 -0.762198 0.000000 -0.023399 -0.548170 0.000000 0.141818 -0.398182 0.000000 0.156364 -0.383636 0.000000 0.174545 -0.369091 0.000000 0.080000 -0.455000 0.000000 0.089231 -0.430769 0.000000 0.041971 1.000005 0.000000 0.001611 1.465422 0.000000 0.000148 1.652997 0.000000 0.342217 0.279434 0.000000 0.342217 0.316159 0.000000 0.342217 0.242708 0.000000 0.245889 0.344157 0.000000 0.272753 0.320563 0.000000 0.162500 0.425000 0.000000 0.157143 0.442857 0.000000 0.046535 0.614244 0.000000 0.027640 0.829276 0.000000 0.038504 0.762198 0.000000 0.031011 0.656028 0.000000 0.025891 0.704925 0.000000 0.140000 0.440000 0.000000 0.025547 0.578602 0.000000 -0.001044 0.541305 0.000000 -0.000124 0.562795 0.000000 0.066667 0.470000 0.000000 0.083636 0.456364 0.000000 0.106667 0.425000 0.000000 0.123636 0.427273 0.000000 -0.017678 1.305220 0.000000 0.004193 1.168473 0.000000 0.305759 0.312017 0.000000 0.042857 -0.457143 0.000000 0.028571 -0.471429 0.000000 0.061538 -0.453846 0.000000 0.200000 0.380000 0.000000 0.185000 0.395000 0.000000 0.170000 0.410000 0.000000 0.047692 0.469231 0.000000 -0.217149 -1.641461 0.000000 -0.346994 -1.731863 0.000000 -0.374763 -1.964574 0.000000 -0.044539 -0.562795 0.000000 -0.063446 -0.578602 0.000000 -0.041270 -0.522194 0.000000 -0.009524 -0.471429 0.000000 0.009524 -0.471429 0.000000 -0.028571 -0.471429 0.000000 -0.047692 -0.469231 0.000000 0.103077 -0.407692 0.000000 0.114286 -0.385714 0.000000 0.130769 -0.389231 0.000000 0.221425 -0.322188 0.000000 0.200000 -0.340000 0.000000 0.028571 0.471429 0.000000 0.014286 0.485714 0.000000 0.245888 -0.266270 0.000000 0.273822 -0.250938 0.000000 0.245888 -0.285742 0.000000 0.305759 -0.255669 0.000000 -0.125581 1.996053 0.000000 -0.105630 -0.829276 0.000000 -0.021566 0.522194 0.000000 -0.020000 0.500000 0.000000 0.220468 0.344887 0.000000 0.200000 0.360000 0.000000 -0.030033 0.887137 0.000000 -0.015183 0.952206 0.000000 -0.080000 -0.500000 0.000000 -0.074000 -0.486000 0.000000 -0.060973 -0.522194 0.000000 -0.069091 -0.470909 0.000000 0.075385 0.438462 0.000000 0.089231 0.430769 0.000000 -0.014286 0.485714 0.000000 -0.094778 -0.692001 0.000000 -0.106050 -0.732450 0.000000 -0.061538 -0.458462 0.000000 -0.040000 0.500000 0.000000 -0.124694 1.758340 0.000000 -0.311523 -1.533309 0.000000 0.336250 -0.166924 0.000000 0.336250 -0.203869 0.000000 0.305759 -0.218105 0.000000 0.336248 -0.129978 0.000000 0.336248 -0.093033 0.000000 0.337454 -0.000000 0.000000 0.337452 -0.055418 0.000000 0.337454 0.055418 0.000000 0.336250 0.093033 0.000000 0.336248 0.129978 0.000000 0.336248 0.166924 0.000000 0.336248 0.203869 0.000000 -0.259117 -1.094944 0.000000 -0.148497 -1.000005 0.000000 -0.121522 -0.907978 0.000000 -0.294830 -1.363497 0.000000 -0.285757 -1.218672 0.000000 0.221425 -0.302434 0.000000 0.185455 -0.354545 0.000000 -0.084754 -0.656029 0.000000 -0.083481 -0.614242 0.000000 -0.153968 -0.762198 0.000000 -0.062112 -0.548170 0.000000 0.144615 -0.375385 0.000000 0.158462 -0.361538 0.000000 0.071429 -0.428571 0.000000 0.085714 -0.414286 0.000000 -0.086641 1.107732 0.000000 -0.068603 1.000005 0.000000 -0.112159 1.555518 0.000000 -0.139707 1.382064 0.000000 0.305761 0.255670 0.000000 0.305760 0.283843 0.000000 0.305759 0.218105 0.000000 0.232761 0.325701 0.000000 0.273822 0.289238 0.000000 0.245888 0.305214 0.000000 0.146667 0.422222 0.000000 -0.009590 0.614242 0.000000 -0.022009 0.762198 0.000000 -0.043238 0.829276 0.000000 -0.013097 0.656029 0.000000 -0.017202 0.704925 0.000000 -0.023399 0.548170 0.000000 -0.025547 0.578602 0.000000 0.057143 0.442857 0.000000 0.103077 0.407692 0.000000 0.085714 0.414286 0.000000 0.120000 0.410000 0.000000 -0.132925 1.234119 0.000000 0.050000 -0.430952 0.000000 0.028571 -0.433333 0.000000 0.022857 -0.454286 0.000000 0.186000 0.374000 0.000000 0.161818 0.383636 0.000000 0.149091 0.398182 0.000000 0.040000 0.448571 0.000000 -0.618034 -1.902113 0.000000 -0.551611 -1.679324 0.000000 -0.082860 -0.562795 0.000000 -0.101344 -0.578602 0.000000 0.002857 -0.451429 0.000000 -0.017143 -0.448571 0.000000 -0.041703 -0.454853 0.000000 0.092762 -0.381905 0.000000 0.078095 -0.395238 0.000000 0.107429 -0.368571 0.000000 0.128571 -0.371429 0.000000 0.200000 -0.320000 0.000000 0.186667 -0.335000 0.000000 0.023810 0.457143 0.000000 0.005714 0.460000 0.000000 -0.009524 0.471429 0.000000 0.245888 -0.246799 0.000000 0.221425 -0.262928 0.000000 0.221425 -0.282681 0.000000 0.272550 -0.226481 0.000000 -0.374763 1.964574 0.000000 -0.164248 -0.825812 0.000000 -0.041270 0.522194 0.000000 -0.033846 0.486154 0.000000 0.215571 0.322709 0.000000 0.200000 0.340000 0.000000 0.185455 0.354545 0.000000 -0.092430 0.907979 0.000000 -0.097831 0.829276 0.000000 -0.100000 -0.500000 0.000000 -0.093333 -0.484444 0.000000 -0.080676 -0.522194 0.000000 -0.085455 -0.470909 0.000000 -0.083636 -0.456364 0.000000 0.068649 0.424649 0.000000 -0.028571 0.471429 0.000000 -0.138025 -0.704924 0.000000 -0.120582 -0.656029 0.000000 -0.075385 -0.444615 0.000000 -0.057143 -0.442857 0.000000 -0.053333 0.485000 0.000000 -0.060000 0.500000 0.000000 -0.044539 0.562795 0.000000 -0.346994 1.731861 0.000000 0.245889 -0.227327 0.000000 0.172308 0.347692 0.000000 -0.100379 -0.522194 0.000000 0.245888 0.285742 0.000000 0.158462 -0.346154 0.000000 -0.072727 0.485455 0.000000 0.075361 -0.377687 0.000000 0.186667 0.335000 0.000000 -0.080000 0.500000 0.000000 -0.311523 1.533312 0.000000 -0.494938 -1.489240 0.000000 0.301713 -0.184028 0.000000 0.301713 -0.146309 0.000000 0.271277 -0.202024 0.000000 0.301714 -0.108589 0.000000 0.301714 -0.070869 0.000000 0.302612 -0.018860 0.000000 0.302612 0.018860 0.000000 0.302163 -0.044865 0.000000 0.302162 0.044865 0.000000 0.301713 0.070869 0.000000 0.301713 0.108589 0.000000 0.301714 0.146309 0.000000 0.301714 0.184028 0.000000 -0.369816 -1.069574 0.000000 -0.258408 -0.989484 0.000000 -0.218566 -0.899394 0.000000 -0.446470 -1.326677 0.000000 -0.405132 -1.188026 0.000000 0.200000 -0.300000 0.000000 0.172308 -0.330769 0.000000 -0.120426 -0.614242 0.000000 -0.197639 -0.756681 0.000000 -0.100824 -0.548170 0.000000 0.142857 -0.357143 0.000000 0.061224 -0.410204 0.000000 -0.178817 1.101340 0.000000 -0.148497 1.000007 0.000000 -0.265385 1.218672 0.000000 -0.303039 1.363504 0.000000 0.273822 0.231787 0.000000 0.273822 0.260513 0.000000 0.272550 0.207305 0.000000 0.221425 0.302434 0.000000 0.245888 0.266270 0.000000 0.133333 0.395000 0.000000 -0.046535 0.614242 0.000000 -0.071494 0.762198 0.000000 -0.068983 0.704925 0.000000 -0.048926 0.656029 0.000000 -0.062112 0.548169 0.000000 -0.063446 0.578601 0.000000 0.047500 0.425000 0.000000 0.076327 0.396673 0.000000 0.090932 0.385260 0.000000 0.116923 0.392308 0.000000 0.061913 0.410837 0.000000 0.032653 -0.413379 0.000000 0.007143 -0.435714 0.000000 0.015561 -0.420153 0.000000 0.170909 0.369091 0.000000 0.146667 0.380000 0.000000 0.033274 0.433929 0.000000 0.019048 0.442857 0.000000 -0.851559 -1.809654 0.000000 -0.748029 -1.601557 0.000000 -0.121181 -0.562795 0.000000 -0.139242 -0.578602 0.000000 -0.009524 -0.426190 0.000000 -0.035714 -0.440476 0.000000 0.089524 -0.357143 0.000000 0.062449 -0.391837 0.000000 0.116429 -0.353571 0.000000 0.185714 -0.314286 0.000000 -0.023810 0.457143 0.000000 -0.000000 0.442857 0.000000 0.221425 -0.243174 0.000000 0.200000 -0.280000 0.000000 0.200000 -0.260000 0.000000 0.245888 -0.207855 0.000000 -0.618034 1.902113 0.000000 -0.222867 -0.822347 0.000000 -0.060973 0.522194 0.000000 -0.047692 0.469231 0.000000 0.200000 0.320000 0.000000 -0.155498 0.903686 0.000000 -0.152425 0.829276 0.000000 -0.120978 0.762198 0.000000 -0.120000 -0.500000 0.000000 -0.114286 -0.485714 0.000000 -0.110000 -0.470000 0.000000 -0.102000 -0.458000 0.000000 -0.093333 -0.440000 0.000000 -0.156410 -0.656029 0.000000 -0.206678 -0.700613 0.000000 -0.071429 -0.428571 0.000000 -0.050000 -0.425000 0.000000 -0.069091 0.470909 0.000000 -0.551611 1.679326 0.000000 0.221425 -0.223421 0.000000 0.172308 0.330769 0.000000 0.157143 0.342857 0.000000 -0.120083 -0.522194 0.000000 0.221425 0.282681 0.000000 0.149707 -0.332601 0.000000 -0.088000 0.472000 0.000000 -0.095000 0.485000 0.000000 0.071497 -0.356122 0.000000 0.057959 -0.373469 0.000000 0.186154 0.315385 0.000000 -0.080676 0.522194 0.000000 -0.100000 0.500000 0.000000 0.286021 0.165135 0.000000 0.286021 0.127063 0.000000 -1.071654 -1.688656 0.000000 0.009405 0.425000 0.000000 -0.270993 1.094947 0.000000 0.286021 -0.087465 0.000000 -0.019048 0.442857 0.000000 -0.339714 -0.968610 0.000000 -0.084754 0.656028 0.000000 -0.114286 0.485714 0.000000 -0.061538 0.458462 0.000000 -0.125000 -0.470000 0.000000 -0.494939 1.489243 0.000000 -0.659697 -1.424007 0.000000 0.271277 -0.163622 0.000000 0.271277 -0.125220 0.000000 0.244472 -0.181761 0.000000 0.271277 -0.067617 0.000000 0.271907 -0.038402 0.000000 0.271907 -0.009601 0.000000 0.271907 0.019201 0.000000 0.271592 0.043409 0.000000 0.271277 0.067617 0.000000 0.271277 0.106019 0.000000 0.271277 0.144421 0.000000 0.271277 0.182823 0.000000 -0.464680 -1.032015 0.000000 -0.519724 -1.142656 0.000000 -0.313999 -0.882361 0.000000 -0.584155 -1.272164 0.000000 0.180000 -0.299000 0.000000 0.166154 -0.315385 0.000000 -0.176400 -0.611840 0.000000 -0.273264 -0.745734 0.000000 -0.139536 -0.548170 0.000000 0.135238 -0.336762 0.000000 0.036735 -0.393424 0.000000 -0.258409 0.989486 0.000000 -0.218566 0.899393 0.000000 -0.405131 1.188022 0.000000 -0.446468 1.326670 0.000000 0.245888 0.227327 0.000000 0.245889 0.246799 0.000000 0.245888 0.207855 0.000000 0.200000 0.300000 0.000000 0.221425 0.262928 0.000000 0.128571 0.371429 0.000000 -0.083481 0.614244 0.000000 -0.120764 0.704925 0.000000 -0.080813 0.541305 0.000000 -0.080966 0.562795 0.000000 -0.101344 0.578602 0.000000 0.037857 0.407143 0.000000 0.025238 0.419048 0.000000 0.077143 0.376190 0.000000 0.059286 0.385714 0.000000 0.105538 0.373846 0.000000 0.048571 0.396429 0.000000 0.016624 -0.396471 0.000000 0.002423 -0.411862 0.000000 0.144615 0.361538 0.000000 -0.933153 -1.499786 0.000000 -0.814984 -1.338641 0.000000 -0.164738 -0.577774 0.000000 -0.010714 -0.403571 0.000000 -0.026190 -0.416667 0.000000 0.077143 -0.342857 0.000000 0.093714 -0.334286 0.000000 0.040816 -0.373469 0.000000 0.114286 -0.335714 0.000000 -0.038095 0.442857 0.000000 -0.010808 0.420323 0.000000 0.200000 -0.240000 0.000000 0.180000 -0.280000 0.000000 0.180000 -0.259000 0.000000 0.221425 -0.203668 0.000000 -0.851559 1.809654 0.000000 -0.292008 -0.808600 0.000000 -0.197639 0.756681 0.000000 -0.222867 0.822347 0.000000 -0.156526 0.730211 0.000000 -0.140000 -0.500000 0.000000 -0.133333 -0.486667 0.000000 -0.139786 -0.522194 0.000000 -0.116000 -0.444000 0.000000 -0.089231 -0.423077 0.000000 -0.106667 -0.425000 0.000000 -0.218227 -0.652746 0.000000 -0.247963 -0.690003 0.000000 -0.064082 -0.410204 0.000000 -0.042857 -0.407143 0.000000 -0.080000 0.455000 0.000000 -0.748029 1.601557 0.000000 0.200000 -0.220000 0.000000 0.169286 0.310714 0.000000 0.158571 0.321429 0.000000 0.144762 0.327238 0.000000 0.138462 0.345154 0.000000 0.200000 0.280000 0.000000 0.140952 -0.319048 0.000000 -0.110000 0.470000 0.000000 -0.098182 0.456364 0.000000 0.053469 -0.355102 0.000000 0.180000 0.300000 0.000000 -0.100379 0.522194 0.000000 -0.120000 0.500000 0.000000 -1.274848 -1.541026 0.000000 -1.104061 -1.375614 0.000000 0.007236 0.405867 0.000000 -0.369815 1.069571 0.000000 0.264273 -0.095992 0.000000 -0.031020 0.415646 0.000000 -0.417762 -0.937709 0.000000 -0.120582 0.656029 0.000000 -0.134286 0.485714 0.000000 -0.128571 0.471429 0.000000 -0.075385 0.438462 0.000000 -0.057143 0.442857 0.000000 -0.137500 -0.455000 0.000000 -0.146667 -0.466667 0.000000 -0.120083 0.522194 0.000000 0.180000 -0.240000 0.000000 -1.457937 -1.369094 0.000000 -1.071654 1.688656 0.000000 0.142381 0.312119 0.000000 0.244473 -0.162260 0.000000 -0.339714 0.968608 0.000000 -0.166915 -0.547156 0.000000 -0.659697 1.424007 0.000000 -0.713917 -1.200818 0.000000 0.244472 -0.142758 0.000000 0.244473 -0.103755 0.000000 0.244472 -0.123257 0.000000 0.220819 -0.180825 0.000000 0.244472 -0.084254 0.000000 0.244865 -0.058504 0.000000 0.244866 -0.039003 0.000000 0.244865 -0.019501 0.000000 0.244866 -0.000000 0.000000 0.244865 0.019501 0.000000 0.244865 0.039003 0.000000 0.244866 0.058504 0.000000 0.244473 0.084254 0.000000 0.244472 0.123257 0.000000 0.244472 0.103755 0.000000 0.244472 0.162260 0.000000 0.244473 0.142758 0.000000 0.244473 0.181761 0.000000 -0.554086 -0.982860 0.000000 -0.491321 -0.897268 0.000000 -0.627723 -1.083277 0.000000 -0.377682 -0.857147 0.000000 0.160000 -0.280000 0.000000 0.160000 -0.300000 0.000000 -0.190233 -0.576947 0.000000 -0.213345 -0.611838 0.000000 -0.314192 -0.729530 0.000000 -0.343406 -0.788250 0.000000 -0.289248 -0.679392 0.000000 -0.163186 -0.521727 0.000000 0.125833 -0.316667 0.000000 0.017687 -0.372789 0.000000 -0.313999 0.882360 0.000000 -0.584155 1.272164 0.000000 -0.519724 1.142656 0.000000 0.221425 0.223421 0.000000 0.221425 0.243174 0.000000 0.221425 0.203668 0.000000 0.180000 0.280000 0.000000 0.200000 0.260000 0.000000 0.121429 0.352321 0.000000 -0.138899 0.614242 0.000000 -0.156410 0.656028 0.000000 -0.189418 0.700613 0.000000 -0.120180 0.548169 0.000000 -0.139242 0.578601 0.000000 0.028214 0.389286 0.000000 0.072857 0.357143 0.000000 0.094154 0.355385 0.000000 0.057551 0.361449 0.000000 0.046071 0.371429 0.000000 0.003486 -0.388180 0.000000 -0.958345 -1.234483 0.000000 -0.833718 -1.113778 0.000000 -0.019643 -0.387500 0.000000 -0.035714 -0.389286 0.000000 0.064762 -0.328571 0.000000 0.048980 -0.336735 0.000000 0.077262 -0.314321 0.000000 0.110714 -0.314286 0.000000 0.092143 -0.317857 0.000000 0.030612 -0.355102 0.000000 -0.051837 0.422449 0.000000 -0.009158 0.395663 0.000000 -0.027844 0.398852 0.000000 0.180000 -0.220000 0.000000 0.160000 -0.262000 0.000000 0.160000 -0.240000 0.000000 0.200000 -0.200000 0.000000 -0.933153 1.499786 0.000000 -0.228607 0.723116 0.000000 -0.273265 0.745734 0.000000 -0.292008 0.808600 0.000000 -0.155000 -0.485000 0.000000 -0.160000 -0.500000 0.000000 -0.140000 -0.440000 0.000000 -0.123636 -0.427273 0.000000 -0.079990 -0.399974 0.000000 -0.103077 -0.407692 0.000000 -0.120000 -0.410000 0.000000 -0.254567 -0.638358 0.000000 -0.056735 -0.391837 0.000000 -0.098182 0.441818 0.000000 -0.814984 1.338641 0.000000 0.160000 0.300000 0.000000 0.126154 0.312385 0.000000 0.124286 0.333714 0.000000 0.140000 -0.300000 0.000000 -0.120000 0.453333 0.000000 -0.140000 0.500000 0.000000 -0.139786 0.522194 0.000000 -1.269012 -1.238568 0.000000 -1.106070 -1.125993 0.000000 0.005068 0.386735 0.000000 -0.464680 1.032015 0.000000 -0.046531 0.402041 0.000000 -0.437702 -0.824150 0.000000 -0.152000 0.484000 0.000000 -0.146667 0.466667 0.000000 -0.137500 0.455000 0.000000 -0.089231 0.430769 0.000000 -0.068776 0.418367 0.000000 -0.160000 -0.460000 0.000000 -0.157143 -0.442857 0.000000 -1.405066 -1.074110 0.000000 -1.618034 -1.175570 0.000000 -1.104060 1.375613 0.000000 -1.274848 1.541026 0.000000 0.140000 0.297000 0.000000 0.220819 -0.161058 0.000000 -0.417762 0.937709 0.000000 -0.182889 -0.521727 0.000000 -0.205627 -0.547155 0.000000 -2.000000 0.000000 0.000000 -1.859553 -0.736249 0.000000 -1.937166 -0.497380 0.000000 -1.618034 1.175570 0.000000 -1.984229 -0.250666 0.000000 -1.457937 1.369094 0.000000 -1.984229 0.250666 0.000000 -1.937166 0.497380 0.000000 0.180000 0.260000 0.000000 -1.859553 0.736249 0.000000 -1.752613 -0.963507 0.000000 -1.752613 0.963507 0.000000 -0.202593 -0.521727 0.000000 -0.085714 0.414286 0.000000 -0.176400 0.611838 0.000000 -0.713917 1.200818 0.000000 -0.727432 -1.010835 0.000000 0.220819 -0.141291 0.000000 0.220819 -0.101758 0.000000 0.220819 -0.121525 0.000000 0.200000 -0.180000 0.000000 0.220819 -0.062225 0.000000 0.220819 -0.081991 0.000000 0.221003 -0.039533 0.000000 0.221003 -0.019767 0.000000 0.221003 -0.000000 0.000000 0.221003 0.019767 0.000000 0.221003 0.039533 0.000000 0.220819 0.062225 0.000000 0.220819 0.101758 0.000000 0.220819 0.081991 0.000000 0.220819 0.121525 0.000000 0.220819 0.141291 0.000000 0.220819 0.161058 0.000000 0.220819 0.180825 0.000000 -0.559231 -0.847928 0.000000 -0.636628 -0.922889 0.000000 -0.493114 -0.783891 0.000000 -0.391848 -0.761619 0.000000 0.140000 -0.280000 0.000000 0.140000 -0.263000 0.000000 -0.234232 -0.568808 0.000000 -0.249755 -0.600010 0.000000 -0.352766 -0.708324 0.000000 -0.290908 -0.623969 0.000000 -0.323596 -0.643445 0.000000 -0.180000 -0.500000 0.000000 0.120000 -0.296000 0.000000 0.013265 -0.354592 0.000000 -0.008844 -0.365986 0.000000 -0.377682 0.857147 0.000000 -0.627723 1.083277 0.000000 -0.554086 0.982860 0.000000 0.200000 0.220000 0.000000 0.200000 0.240000 0.000000 0.200000 0.200000 0.000000 0.160000 0.260000 0.000000 0.160000 0.280000 0.000000 0.180000 0.241000 0.000000 0.104286 0.335714 0.000000 -0.164738 0.577774 0.000000 -0.218226 0.652745 0.000000 -0.257261 0.692057 0.000000 -0.158892 0.548170 0.000000 0.018571 0.371429 0.000000 0.068571 0.338095 0.000000 0.082769 0.336923 0.000000 0.048163 0.343837 0.000000 0.032857 0.357143 0.000000 -0.965915 -1.029162 0.000000 -0.844783 -0.945473 0.000000 -0.028571 -0.371429 0.000000 -0.049388 -0.373469 0.000000 0.044490 -0.318367 0.000000 0.062381 -0.310786 0.000000 0.032449 -0.327551 0.000000 0.080000 -0.300000 0.000000 0.100000 -0.300000 0.000000 0.020408 -0.336735 0.000000 -0.062313 0.398639 0.000000 -0.018078 0.384184 0.000000 -0.041224 0.381633 0.000000 0.180000 -0.199000 0.000000 0.160000 -0.218000 0.000000 0.140000 -0.240000 0.000000 -0.958343 1.234481 0.000000 -0.343406 0.788250 0.000000 -0.314192 0.729530 0.000000 -0.173333 -0.486667 0.000000 -0.136364 -0.412727 0.000000 -0.155000 -0.425000 0.000000 -0.072726 -0.381816 0.000000 -0.095897 -0.389744 0.000000 -0.116923 -0.392308 0.000000 -0.130769 -0.389231 0.000000 -0.141818 -0.398182 0.000000 -0.123636 0.427273 0.000000 -0.103077 0.416923 0.000000 -0.833723 1.113783 0.000000 0.107143 0.314107 0.000000 0.120000 0.296000 0.000000 -0.140000 0.440000 0.000000 -0.160000 0.500000 0.000000 -0.163186 0.521727 0.000000 -1.221388 -0.986603 0.000000 -1.063152 -0.911217 0.000000 0.000408 0.368027 0.000000 -0.491321 0.897268 0.000000 -0.436570 -0.729126 0.000000 -0.164000 0.468000 0.000000 -0.173333 0.486667 0.000000 -0.160000 0.450000 0.000000 -0.078095 0.395238 0.000000 -0.180000 -0.470000 0.000000 -0.173333 -0.446667 0.000000 -0.171429 -0.428571 0.000000 -1.531575 -0.897520 0.000000 -1.339395 -0.840148 0.000000 -1.106070 1.125993 0.000000 -1.269012 1.238568 0.000000 0.140000 0.280000 0.000000 0.200000 -0.160000 0.000000 -0.437702 0.824150 0.000000 -0.200000 -0.500000 0.000000 -0.228065 -0.538272 0.000000 -1.767677 -0.007744 0.000000 -1.702010 -0.457124 0.000000 -1.623290 -0.702615 0.000000 -1.753942 -0.244127 0.000000 -1.531575 0.897520 0.000000 -1.405066 1.074110 0.000000 -1.753940 0.244127 0.000000 -1.702012 0.476076 0.000000 -1.634905 0.685318 0.000000 -0.217489 -0.512083 0.000000 -0.100000 0.400000 0.000000 -0.190233 0.576947 0.000000 -0.231922 0.607069 0.000000 -0.105538 -0.373846 0.000000 -0.185000 -0.455000 0.000000 -0.182889 0.521727 0.000000 -0.002891 -0.351105 0.000000 0.040000 -0.300000 0.000000 -0.727435 1.010839 0.000000 -0.740593 -0.873490 0.000000 0.200000 -0.140000 0.000000 0.200000 -0.120000 0.000000 0.200000 -0.100000 0.000000 0.180000 -0.180000 0.000000 0.180000 -0.160000 0.000000 0.200000 -0.060000 0.000000 0.200000 -0.080000 0.000000 0.200000 -0.020000 0.000000 0.200000 -0.040000 0.000000 0.200000 0.000000 0.000000 0.200000 0.020000 0.000000 0.200000 0.040000 0.000000 0.200000 0.060000 0.000000 0.200000 0.080000 0.000000 0.200000 0.100000 0.000000 0.200000 0.120000 0.000000 0.200000 0.140000 0.000000 0.200000 0.160000 0.000000 0.200000 0.180000 0.000000 -0.573335 -0.757933 0.000000 -0.650736 -0.811408 0.000000 -0.506670 -0.711875 0.000000 -0.388378 -0.682450 0.000000 0.120000 -0.280000 0.000000 0.120000 -0.260000 0.000000 -0.256471 -0.554694 0.000000 -0.282078 -0.579495 0.000000 -0.313506 -0.593942 0.000000 -0.357009 -0.608476 0.000000 -0.200000 -0.480000 0.000000 0.100000 -0.280000 0.000000 0.003061 -0.336224 0.000000 -0.021429 -0.353571 0.000000 -0.391848 0.761619 0.000000 -0.636631 0.922891 0.000000 -0.559233 0.847929 0.000000 0.180000 0.220000 0.000000 0.180000 0.199000 0.000000 0.140000 0.260000 0.000000 0.160000 0.240000 0.000000 0.087385 0.318462 0.000000 -0.186271 0.547155 0.000000 -0.267953 0.636588 0.000000 -0.319397 0.662819 0.000000 0.008929 0.353571 0.000000 0.064286 0.319048 0.000000 0.038776 0.326224 0.000000 0.019643 0.342857 0.000000 -0.926839 -0.846276 0.000000 -0.809391 -0.790322 0.000000 -0.042041 -0.355102 0.000000 -0.065714 -0.364286 0.000000 0.025102 -0.309184 0.000000 0.060000 -0.293000 0.000000 0.010204 -0.318367 0.000000 0.080000 -0.280000 0.000000 -0.066939 0.381633 0.000000 -0.013495 0.357398 0.000000 -0.035918 0.361224 0.000000 -0.052041 0.369388 0.000000 0.160000 -0.198000 0.000000 0.140000 -0.217000 0.000000 0.120000 -0.240000 0.000000 0.120000 -0.220000 0.000000 -0.965915 1.029162 0.000000 -0.352766 0.708324 0.000000 -0.160000 -0.406667 0.000000 -0.088718 -0.371795 0.000000 -0.128571 -0.371429 0.000000 -0.144615 -0.375385 0.000000 -0.156364 -0.383636 0.000000 -0.146667 0.422222 0.000000 -0.120000 0.410000 0.000000 -0.844783 0.945473 0.000000 0.100000 0.295000 0.000000 0.120000 0.280000 0.000000 -0.162500 0.425000 0.000000 -0.180000 0.500000 0.000000 -1.172206 -0.790236 0.000000 -1.027083 -0.746912 0.000000 -0.493115 0.783891 0.000000 -0.449217 -0.672181 0.000000 -0.186667 0.473333 0.000000 -0.176000 0.452000 0.000000 -0.169250 0.438500 0.000000 -0.079469 0.370816 0.000000 -0.096000 0.380000 0.000000 -0.200000 -0.460000 0.000000 -0.186667 -0.433333 0.000000 -0.185714 -0.414286 0.000000 -1.438032 -0.640683 0.000000 -1.239174 -0.632981 0.000000 -1.221388 0.986603 0.000000 -1.063152 0.911217 0.000000 0.180000 -0.140500 0.000000 -0.436570 0.729126 0.000000 -0.221698 -0.483350 0.000000 -0.269076 -0.532908 0.000000 -0.246628 -0.506638 0.000000 -1.551015 -0.209228 0.000000 -1.562953 -0.000000 0.000000 -1.495932 -0.426926 0.000000 -1.417877 0.673373 0.000000 -1.339395 0.840148 0.000000 -1.551015 0.214084 0.000000 -1.495928 0.447246 0.000000 -0.116923 0.392308 0.000000 -0.206202 0.558882 0.000000 -0.234232 0.568808 0.000000 -0.257001 0.593283 0.000000 -0.114857 -0.357143 0.000000 -0.200000 -0.440000 0.000000 -0.206201 0.520800 0.000000 -0.200000 0.500000 0.000000 -0.014286 -0.335714 0.000000 0.020000 -0.291000 0.000000 0.040000 -0.284000 0.000000 0.100000 0.280000 0.000000 -0.130769 0.389231 0.000000 -1.464051 -0.090737 0.000000 -0.108714 0.366786 0.000000 -0.142857 -0.357143 0.000000 -0.740593 0.873490 0.000000 -0.708099 -0.742065 0.000000 0.180000 -0.121000 0.000000 0.180000 -0.100000 0.000000 0.160000 -0.180000 0.000000 0.160000 -0.160000 0.000000 0.165000 -0.139000 0.000000 0.180000 -0.079000 0.000000 0.180000 -0.060000 0.000000 0.180000 -0.041000 0.000000 0.180000 -0.000000 0.000000 0.180000 -0.020000 0.000000 0.180000 0.021000 0.000000 0.180000 0.040000 0.000000 0.180000 0.060000 0.000000 0.180000 0.080000 0.000000 0.180000 0.100000 0.000000 0.180000 0.121000 0.000000 0.180000 0.159000 0.000000 0.180000 0.140000 0.000000 0.180000 0.180000 0.000000 -0.620848 -0.700498 0.000000 -0.545699 -0.664696 0.000000 -0.480935 -0.633841 0.000000 -0.425121 -0.607251 0.000000 0.100000 -0.260000 0.000000 -0.299833 -0.547562 0.000000 -0.335589 -0.564597 0.000000 -0.373814 -0.567280 0.000000 -0.221698 -0.463612 0.000000 -0.010204 -0.318367 0.000000 -0.034694 -0.336735 0.000000 -0.388377 0.682450 0.000000 -0.650736 0.811408 0.000000 -0.573335 0.757933 0.000000 0.160000 0.220000 0.000000 0.160000 0.202000 0.000000 0.160000 0.180000 0.000000 0.120000 0.260000 0.000000 0.140000 0.237000 0.000000 0.120000 0.244000 0.000000 0.080000 0.300000 0.000000 -0.220979 0.542168 0.000000 -0.312099 0.608572 0.000000 -0.348592 0.623029 0.000000 -0.003533 0.342985 0.000000 0.049388 0.313112 0.000000 0.060000 0.300000 0.000000 0.017908 0.318592 0.000000 0.029388 0.308612 0.000000 0.006429 0.328571 0.000000 -0.901004 -0.709273 0.000000 -0.791520 -0.676589 0.000000 -0.063810 -0.342857 0.000000 -0.081538 -0.353846 0.000000 -0.000000 -0.300000 0.000000 0.060000 -0.267000 0.000000 0.080000 -0.260000 0.000000 -0.062857 0.357143 0.000000 -0.022874 0.339626 0.000000 -0.048163 0.348980 0.000000 0.140000 -0.197000 0.000000 0.120000 -0.196000 0.000000 0.100000 -0.225000 0.000000 0.100000 -0.240000 0.000000 0.110000 -0.207500 0.000000 -0.926839 0.846276 0.000000 -0.185000 -0.395000 0.000000 -0.172000 -0.388000 0.000000 -0.101143 -0.342857 0.000000 -0.128381 -0.347619 0.000000 -0.158462 -0.361538 0.000000 -0.170909 -0.369091 0.000000 -0.158000 0.402000 0.000000 -0.141818 0.398182 0.000000 -0.809391 0.790322 0.000000 0.080000 0.280000 0.000000 0.100000 0.265000 0.000000 -0.170000 0.410000 0.000000 -0.185714 0.414286 0.000000 -0.200000 0.480000 0.000000 -1.084044 -0.616504 0.000000 -0.506670 0.711875 0.000000 -0.200000 0.460000 0.000000 -0.184625 0.439250 0.000000 -0.075429 0.348571 0.000000 -0.092000 0.360000 0.000000 -0.221698 -0.443873 0.000000 -0.200000 -0.420000 0.000000 -0.200000 -0.400000 0.000000 -1.315799 -0.412471 0.000000 -1.197346 -0.494785 0.000000 -1.172206 0.790236 0.000000 -1.027083 0.746912 0.000000 -0.449217 0.672181 0.000000 -0.246628 -0.487200 0.000000 -0.246628 -0.467762 0.000000 -0.275342 -0.510725 0.000000 -1.371987 -0.226418 0.000000 -1.382346 0.020588 0.000000 -1.315803 0.441087 0.000000 -1.265947 0.594515 0.000000 -1.371983 0.233281 0.000000 -0.128571 0.371429 0.000000 -0.282079 0.579496 0.000000 -0.261278 0.542336 0.000000 -0.221698 -0.424135 0.000000 -0.220300 0.506060 0.000000 -0.221698 0.483350 0.000000 -0.027347 -0.318367 0.000000 0.020000 -0.275500 0.000000 -0.000000 -0.280000 0.000000 0.040000 -0.268000 0.000000 -0.146667 0.380000 0.000000 -1.295371 -0.114132 0.000000 -0.106500 0.351250 0.000000 -0.121429 0.353571 0.000000 -0.141905 -0.338095 0.000000 -0.158462 -0.346154 0.000000 -1.263775 0.323295 0.000000 -0.038776 0.332653 0.000000 -0.200000 0.440000 0.000000 -0.157308 -0.330769 0.000000 -0.541725 -0.602016 0.000000 -0.708099 0.742065 0.000000 -0.696365 -0.648182 0.000000 0.160000 -0.118000 0.000000 0.160000 -0.100000 0.000000 0.160000 -0.080000 0.000000 0.140000 -0.180000 0.000000 0.140000 -0.157000 0.000000 0.150000 -0.137500 0.000000 0.160000 -0.060000 0.000000 0.160000 -0.040000 0.000000 0.160000 -0.020000 0.000000 0.160000 -0.000000 0.000000 0.160000 0.022000 0.000000 0.160000 0.058000 0.000000 0.160000 0.040000 0.000000 0.160000 0.078000 0.000000 0.160000 0.100000 0.000000 0.160000 0.118000 0.000000 0.160000 0.140000 0.000000 0.160000 0.160000 0.000000 -0.613585 -0.623469 0.000000 -0.479275 -0.583373 0.000000 -0.440582 -0.534249 0.000000 0.080000 -0.240000 0.000000 -0.308378 -0.496734 0.000000 -0.346452 -0.520849 0.000000 -0.390212 -0.527078 0.000000 -0.246628 -0.448324 0.000000 -0.020000 -0.300000 0.000000 -0.047263 -0.318158 0.000000 -0.425121 0.607251 0.000000 -0.620848 0.700498 0.000000 -0.545699 0.664696 0.000000 0.140000 0.220000 0.000000 0.140000 0.197000 0.000000 0.140000 0.180000 0.000000 0.100000 0.250000 0.000000 0.120000 0.220000 0.000000 0.100000 0.235000 0.000000 0.060000 0.283500 0.000000 -0.242558 0.520275 0.000000 -0.335589 0.564597 0.000000 -0.376993 0.584322 0.000000 -0.010357 0.317857 0.000000 0.040000 0.292000 0.000000 0.003214 0.309286 0.000000 0.020000 0.291000 0.000000 -0.982958 -0.548074 0.000000 -0.832262 -0.590007 0.000000 -0.067179 -0.317949 0.000000 -0.087429 -0.328571 0.000000 -0.020000 -0.280000 0.000000 0.040000 -0.252000 0.000000 0.050000 -0.239500 0.000000 -0.060000 0.333333 0.000000 -0.029388 0.316327 0.000000 0.100000 -0.195000 0.000000 0.120000 -0.180000 0.000000 0.090000 -0.207500 0.000000 0.080000 -0.220000 0.000000 -0.901004 0.709273 0.000000 -0.200000 -0.380000 0.000000 -0.186000 -0.374000 0.000000 -0.121429 -0.328571 0.000000 -0.107143 -0.317857 0.000000 -0.173333 -0.350000 0.000000 -0.185000 0.395000 0.000000 -0.161818 0.383636 0.000000 -0.791520 0.676589 0.000000 0.080000 0.263000 0.000000 0.060000 0.267000 0.000000 -0.200000 0.420000 0.000000 -0.200000 0.400000 0.000000 -0.221698 0.463612 0.000000 -1.067488 -0.459031 0.000000 -0.480935 0.633841 0.000000 -0.221698 0.443873 0.000000 -0.088000 0.340000 0.000000 -0.246628 -0.428886 0.000000 -0.220468 -0.404147 0.000000 -0.220468 -0.384394 0.000000 -1.157747 -0.363954 0.000000 -1.214425 -0.211548 0.000000 -1.084050 0.597813 0.000000 -0.941981 0.618110 0.000000 -0.275341 -0.472541 0.000000 -1.223383 -0.008629 0.000000 -1.295766 0.119042 0.000000 -1.120895 0.489856 0.000000 -1.157740 0.381899 0.000000 -1.214417 0.211548 0.000000 -0.144615 0.361538 0.000000 -0.299833 0.547562 0.000000 -0.270487 0.521043 0.000000 -0.243838 -0.408882 0.000000 -0.246628 0.487200 0.000000 -0.246628 0.467762 0.000000 -0.043632 -0.303079 0.000000 -0.000000 -0.260000 0.000000 0.020000 -0.260000 0.000000 -0.160000 0.365000 0.000000 -0.120348 0.338370 0.000000 -0.104286 0.335714 0.000000 -0.136410 0.341026 0.000000 -0.140952 -0.319048 0.000000 -0.172308 -0.330769 0.000000 -0.047619 0.319048 0.000000 -0.221698 0.424135 0.000000 -0.171154 -0.315385 0.000000 -0.156154 -0.315385 0.000000 -0.519371 -0.554257 0.000000 -0.590163 -0.568984 0.000000 0.030000 0.279500 0.000000 0.100000 0.220000 0.000000 -0.696365 0.648182 0.000000 -0.642071 -0.533587 0.000000 -0.730553 -0.521104 0.000000 0.140000 -0.117000 0.000000 0.140000 -0.100000 0.000000 0.140000 -0.077000 0.000000 0.120000 -0.164000 0.000000 0.130000 -0.140500 0.000000 0.140000 -0.060000 0.000000 0.140000 -0.043000 0.000000 0.140000 -0.020000 0.000000 0.140000 -0.003000 0.000000 0.140000 0.017000 0.000000 0.140000 0.040000 0.000000 0.140000 0.060000 0.000000 0.140000 0.083000 0.000000 0.140000 0.100000 0.000000 0.140000 0.123000 0.000000 0.140000 0.157000 0.000000 0.140000 0.140000 0.000000 -0.498511 -0.509690 0.000000 -0.440582 -0.482947 0.000000 0.060000 -0.227000 0.000000 -0.308379 -0.459347 0.000000 -0.346410 -0.484371 0.000000 -0.390212 -0.473955 0.000000 -0.275342 -0.434357 0.000000 -0.040000 -0.288000 0.000000 -0.060000 -0.300000 0.000000 -0.479275 0.583373 0.000000 -0.425079 0.567194 0.000000 -0.613585 0.623469 0.000000 -0.541725 0.602016 0.000000 0.120000 0.200000 0.000000 0.120000 0.180000 0.000000 0.130000 0.168500 0.000000 0.080000 0.246000 0.000000 0.100000 0.205000 0.000000 0.080000 0.220000 0.000000 0.040000 0.268000 0.000000 -0.272914 0.496792 0.000000 -0.341021 0.533605 0.000000 -0.390213 0.527078 0.000000 -0.020000 0.300000 0.000000 -0.000000 0.290000 0.000000 -0.000000 0.275000 0.000000 0.020000 0.269000 0.000000 -0.867451 -0.511322 0.000000 -0.883060 -0.427419 0.000000 -0.083590 -0.308974 0.000000 -0.040000 -0.272000 0.000000 -0.020000 -0.260000 0.000000 0.040000 -0.228000 0.000000 0.020000 -0.240000 0.000000 -0.063810 0.309524 0.000000 -0.084000 0.320000 0.000000 -0.040000 0.300000 0.000000 0.080000 -0.194000 0.000000 0.100000 -0.180000 0.000000 0.060000 -0.200000 0.000000 -0.832259 0.590007 0.000000 -0.200000 -0.360000 0.000000 -0.220468 -0.364640 0.000000 -0.120000 -0.300000 0.000000 -0.100000 -0.300000 0.000000 -0.186667 -0.335000 0.000000 -0.200000 0.380000 0.000000 -0.174545 0.369091 0.000000 -0.730552 0.575528 0.000000 0.060000 0.247000 0.000000 0.040000 0.248000 0.000000 -0.220468 0.404147 0.000000 -0.220468 0.384394 0.000000 -0.246628 0.448324 0.000000 -1.019570 -0.350864 0.000000 -0.246628 0.428886 0.000000 -0.243838 -0.389411 0.000000 -0.243838 -0.369939 0.000000 -1.115623 -0.261381 0.000000 -1.075527 -0.163747 0.000000 -0.982958 0.526946 0.000000 -0.867451 0.511322 0.000000 -1.079403 0.097152 0.000000 -1.083272 -0.020372 0.000000 -1.019570 0.350864 0.000000 -1.075533 0.214677 0.000000 -0.158462 0.346154 0.000000 -0.308378 0.515428 0.000000 -0.270525 -0.395139 0.000000 -0.275341 0.472541 0.000000 -0.000000 -0.245000 0.000000 -0.185455 0.354545 0.000000 -0.122143 0.317857 0.000000 -0.107143 0.317857 0.000000 -0.139148 0.316621 0.000000 -0.157308 0.330769 0.000000 -0.140000 -0.300000 0.000000 -0.186154 -0.315385 0.000000 -0.243838 0.408882 0.000000 -0.160000 -0.300000 0.000000 -0.180000 -0.300000 0.000000 -0.565262 -0.505203 0.000000 -0.304707 -0.430518 0.000000 0.130000 -0.031500 0.000000 0.130000 0.072000 0.000000 -0.677883 -0.482585 0.000000 0.100000 -0.155000 0.000000 -0.200000 -0.340000 0.000000 -0.000000 0.260000 0.000000 -0.642071 0.548260 0.000000 -0.600294 -0.450753 0.000000 -0.733463 -0.439600 0.000000 0.120000 -0.124000 0.000000 0.120000 -0.100000 0.000000 0.120000 -0.084000 0.000000 0.120000 -0.060000 0.000000 0.110000 -0.139500 0.000000 0.120000 -0.044000 0.000000 0.120000 -0.020000 0.000000 0.120000 -0.000000 0.000000 0.120000 0.024000 0.000000 0.120000 0.040000 0.000000 0.120000 0.056000 0.000000 0.120000 0.084000 0.000000 0.120000 0.116000 0.000000 0.120000 0.100000 0.000000 0.120000 0.140000 0.000000 0.120000 0.156000 0.000000 -0.532498 -0.451376 0.000000 -0.473110 -0.455336 0.000000 -0.421154 -0.444809 0.000000 0.040000 -0.212000 0.000000 -0.361845 -0.449722 0.000000 -0.335863 -0.427528 0.000000 -0.301035 -0.401689 0.000000 -0.060000 -0.273000 0.000000 -0.080000 -0.286000 0.000000 -0.440582 0.517148 0.000000 -0.498510 0.526093 0.000000 -0.565262 0.505203 0.000000 0.100000 0.180000 0.000000 0.100000 0.160000 0.000000 0.060000 0.227000 0.000000 0.080000 0.194000 0.000000 0.060000 0.207000 0.000000 0.020000 0.249000 0.000000 -0.308378 0.487388 0.000000 -0.346452 0.502613 0.000000 -0.390213 0.491663 0.000000 -0.040000 0.280000 0.000000 -0.020000 0.271000 0.000000 -0.792806 -0.393706 0.000000 -0.898669 -0.343515 0.000000 -0.050000 -0.259500 0.000000 -0.040000 -0.248000 0.000000 -0.020000 -0.240000 0.000000 0.020000 -0.220000 0.000000 -0.000000 -0.230000 0.000000 -0.080000 0.300000 0.000000 -0.060000 0.287000 0.000000 -0.100000 0.300000 0.000000 0.060000 -0.180000 0.000000 0.080000 -0.177000 0.000000 0.080000 -0.160000 0.000000 0.040000 -0.192000 0.000000 -0.766321 0.514745 0.000000 -0.221425 -0.341941 0.000000 -0.243838 -0.350467 0.000000 -0.120000 -0.280000 0.000000 -0.140000 -0.280000 0.000000 -0.100000 -0.275000 0.000000 -0.200000 -0.320000 0.000000 -0.220468 0.364640 0.000000 -0.200000 0.360000 0.000000 0.040000 0.232000 0.000000 -0.243838 0.389411 0.000000 -0.243838 0.369939 0.000000 -0.275341 0.434357 0.000000 -0.953057 -0.198267 0.000000 -0.272933 0.405173 0.000000 -0.272174 -0.370914 0.000000 -0.956383 -0.081795 0.000000 -0.898666 0.403296 0.000000 -0.779563 0.441050 0.000000 -0.956383 0.128030 0.000000 -0.959709 0.034676 0.000000 -0.953057 0.221384 0.000000 -0.898669 0.319603 0.000000 -0.172308 0.330769 0.000000 -0.308379 0.459347 0.000000 -0.186667 0.335000 0.000000 -0.200000 0.340000 0.000000 -0.120000 0.300000 0.000000 -0.156154 0.315385 0.000000 -0.140000 0.300000 0.000000 -0.171154 0.315385 0.000000 -0.200000 -0.300000 0.000000 -0.180000 -0.281000 0.000000 -0.160000 -0.278000 0.000000 -0.647483 -0.412882 0.000000 0.090000 -0.140500 0.000000 -0.221425 -0.322188 0.000000 -0.000000 0.245000 0.000000 -0.020000 0.251000 0.000000 -0.792804 -0.314655 0.000000 0.100000 0.040000 0.000000 0.020000 0.220000 0.000000 0.040000 -0.168000 0.000000 -0.677883 0.454103 0.000000 -0.600294 0.450753 0.000000 -0.548048 -0.371532 0.000000 -0.700231 -0.342596 0.000000 0.100000 -0.115000 0.000000 0.100000 -0.100000 0.000000 0.100000 -0.080000 0.000000 0.100000 -0.060000 0.000000 0.100000 -0.040000 0.000000 0.100000 -0.020000 0.000000 0.100000 -0.005000 0.000000 0.100000 0.020000 0.000000 0.100000 0.055000 0.000000 0.100000 0.075000 0.000000 0.100000 0.100000 0.000000 0.100000 0.120000 0.000000 0.100000 0.140000 0.000000 -0.473109 -0.405210 0.000000 -0.375731 -0.417723 0.000000 -0.421153 -0.392804 0.000000 0.020000 -0.200000 0.000000 -0.335863 -0.390802 0.000000 -0.301035 -0.364124 0.000000 -0.080000 -0.260000 0.000000 -0.060000 -0.247000 0.000000 -0.473109 0.455336 0.000000 -0.429390 0.455817 0.000000 -0.532498 0.467369 0.000000 0.080000 0.174000 0.000000 0.080000 0.154000 0.000000 0.040000 0.208000 0.000000 0.060000 0.180000 0.000000 0.050000 0.193500 0.000000 -0.000000 0.230000 0.000000 -0.346452 0.466143 0.000000 -0.390213 0.456248 0.000000 -0.040000 0.252000 0.000000 -0.050000 0.266500 0.000000 -0.845267 -0.218324 0.000000 -0.040000 -0.232000 0.000000 -0.020000 -0.220000 0.000000 -0.000000 -0.210000 0.000000 -0.080000 0.280000 0.000000 -0.070000 0.266500 0.000000 -0.100000 0.275000 0.000000 -0.120000 0.284000 0.000000 0.060000 -0.160000 0.000000 0.070000 -0.143000 0.000000 0.030000 -0.180500 0.000000 -0.245888 -0.324686 0.000000 -0.273823 -0.346688 0.000000 -0.120000 -0.260000 0.000000 -0.140000 -0.260000 0.000000 -0.100000 -0.260000 0.000000 -0.221425 -0.302434 0.000000 -0.243838 0.350467 0.000000 -0.220468 0.344887 0.000000 -0.270524 0.375989 0.000000 -0.301035 0.420471 0.000000 -0.845267 -0.141722 0.000000 -0.301034 0.382906 0.000000 -0.850974 -0.000000 0.000000 -0.792806 0.367356 0.000000 -0.700231 0.385319 0.000000 -0.845267 0.154489 0.000000 -0.871402 0.235296 0.000000 -0.771136 0.290006 0.000000 -0.186154 0.315385 0.000000 -0.335864 0.427528 0.000000 -0.200000 0.320000 0.000000 -0.221425 0.322188 0.000000 -0.160000 0.300000 0.000000 -0.140000 0.283000 0.000000 -0.180000 0.300000 0.000000 -0.221425 -0.282681 0.000000 -0.200000 -0.280000 0.000000 -0.180000 -0.260000 0.000000 -0.160000 -0.260000 0.000000 -0.619015 -0.347609 0.000000 0.080000 -0.126000 0.000000 -0.245889 -0.305214 0.000000 -0.020000 0.235500 0.000000 -0.726430 -0.261363 0.000000 0.085000 0.039750 0.000000 -0.000000 0.210000 0.000000 0.020000 0.200000 0.000000 0.020000 -0.169000 0.000000 0.040000 -0.152000 0.000000 -0.130000 0.270500 0.000000 -0.000000 -0.195000 0.000000 0.090000 0.007000 0.000000 -0.619014 0.362785 0.000000 -0.532498 0.419390 0.000000 -0.548049 -0.323553 0.000000 -0.485882 -0.365900 0.000000 -0.619015 -0.271730 0.000000 0.080000 -0.100000 0.000000 0.080000 -0.074000 0.000000 0.080000 -0.046000 0.000000 0.080000 -0.026000 0.000000 0.080000 -0.006000 0.000000 0.080000 0.026000 0.000000 0.080000 0.060000 0.000000 0.080000 0.080000 0.000000 0.080000 0.100000 0.000000 0.080000 0.126000 0.000000 -0.383949 -0.356665 0.000000 -0.431497 -0.343638 0.000000 -0.000000 -0.180000 0.000000 -0.342218 -0.352884 0.000000 -0.305759 -0.330799 0.000000 -0.080000 -0.240000 0.000000 -0.060000 -0.227000 0.000000 -0.473109 0.405210 0.000000 -0.421154 0.410139 0.000000 0.060000 0.160000 0.000000 0.060000 0.140000 0.000000 0.040000 0.180000 0.000000 -0.020000 0.220000 0.000000 -0.375731 0.417723 0.000000 -0.040000 0.228000 0.000000 -0.060000 0.253000 0.000000 -0.050000 0.239500 0.000000 -0.750296 -0.174132 0.000000 -0.040000 -0.216000 0.000000 -0.020000 -0.204500 0.000000 -0.100000 0.260000 0.000000 -0.080000 0.254000 0.000000 -0.120000 0.256000 0.000000 0.050000 -0.136000 0.000000 0.060000 -0.120000 0.000000 -0.273823 -0.308388 0.000000 -0.120000 -0.240000 0.000000 -0.140000 -0.237000 0.000000 -0.160000 -0.238000 0.000000 -0.100000 -0.235000 0.000000 -0.245888 -0.285742 0.000000 -0.273822 0.346688 0.000000 -0.245888 0.324686 0.000000 -0.305759 0.349581 0.000000 -0.335863 0.390802 0.000000 -0.752729 -0.100898 0.000000 -0.755162 -0.027663 0.000000 -0.755160 0.041495 0.000000 -0.700231 0.314115 0.000000 -0.750298 0.215627 0.000000 -0.750298 0.118806 0.000000 -0.683064 0.247735 0.000000 -0.200000 0.300000 0.000000 -0.221425 0.302434 0.000000 -0.245889 0.305214 0.000000 -0.180000 0.280000 0.000000 -0.160000 0.278000 0.000000 -0.140000 0.257000 0.000000 -0.221425 -0.262928 0.000000 -0.245889 -0.266271 0.000000 -0.200000 -0.260000 0.000000 -0.180000 -0.241000 0.000000 -0.666503 -0.213247 0.000000 0.070000 0.039500 0.000000 -0.020000 0.204500 0.000000 -0.000000 0.195000 0.000000 0.020000 0.184500 0.000000 0.020000 -0.151000 0.000000 -0.000000 -0.165000 0.000000 0.030000 -0.140500 0.000000 -0.020000 -0.189000 0.000000 0.070000 0.013000 0.000000 -0.548049 -0.275574 0.000000 0.040000 0.160000 0.000000 -0.457798 -0.314001 0.000000 -0.200000 0.280000 0.000000 -0.619015 0.271730 0.000000 -0.548048 0.339546 0.000000 -0.485883 0.365900 0.000000 -0.485882 -0.282356 0.000000 -0.537730 -0.225383 0.000000 -0.592702 -0.195553 0.000000 0.060000 -0.100000 0.000000 0.060000 -0.080000 0.000000 0.060000 -0.060000 0.000000 0.060000 -0.040000 0.000000 0.060000 -0.020000 0.000000 0.060000 -0.000000 0.000000 0.060000 0.027000 0.000000 0.060000 0.053000 0.000000 0.060000 0.073000 0.000000 0.060000 0.093000 0.000000 0.060000 0.113000 0.000000 -0.383951 -0.303019 0.000000 -0.342218 -0.316159 0.000000 -0.419052 -0.308239 0.000000 -0.020000 -0.160000 0.000000 -0.305759 -0.293234 0.000000 -0.080000 -0.220000 0.000000 -0.060000 -0.207000 0.000000 -0.431497 0.360973 0.000000 -0.375731 0.381959 0.000000 0.040000 0.140000 0.000000 0.040000 0.120000 0.000000 0.020000 0.169000 0.000000 -0.040000 0.200000 0.000000 -0.060000 0.227000 0.000000 -0.050000 0.213500 0.000000 -0.080000 0.237000 0.000000 -0.666504 -0.139393 0.000000 -0.040000 -0.200000 0.000000 -0.100000 0.240000 0.000000 -0.120000 0.240000 0.000000 -0.140000 0.240000 0.000000 0.040000 -0.120000 0.000000 -0.273823 -0.270088 0.000000 -0.120000 -0.220000 0.000000 -0.160000 -0.220000 0.000000 -0.140000 -0.220000 0.000000 -0.180000 -0.220000 0.000000 -0.100000 -0.220000 0.000000 -0.273823 0.308388 0.000000 -0.305761 0.312017 0.000000 -0.342217 0.334522 0.000000 -0.670627 -0.044312 0.000000 -0.670628 0.029542 0.000000 -0.666504 0.109852 0.000000 -0.666503 0.183706 0.000000 -0.221425 0.282681 0.000000 -0.245889 0.285742 0.000000 -0.180000 0.259000 0.000000 -0.200000 0.260000 0.000000 -0.160000 0.258000 0.000000 -0.160000 0.240000 0.000000 -0.221425 -0.243174 0.000000 -0.245889 -0.246799 0.000000 -0.200000 -0.240000 0.000000 -0.020000 0.189000 0.000000 -0.000000 0.180000 0.000000 -0.000000 -0.150000 0.000000 0.020000 -0.129000 0.000000 -0.040000 -0.180000 0.000000 0.020000 0.151000 0.000000 -0.431497 -0.256964 0.000000 -0.221425 0.262928 0.000000 -0.457799 0.327550 0.000000 -0.305759 -0.265061 0.000000 -0.200000 -0.220000 0.000000 -0.548049 0.275574 0.000000 -0.592702 0.195553 0.000000 -0.485883 0.282357 0.000000 -0.470429 -0.207679 0.000000 -0.527711 -0.176653 0.000000 -0.592702 -0.117563 0.000000 0.040000 -0.100000 0.000000 0.040000 -0.072000 0.000000 0.040000 -0.048000 0.000000 0.040000 -0.032000 0.000000 0.040000 -0.008000 0.000000 0.040000 0.012000 0.000000 0.040000 0.044000 0.000000 0.040000 0.028000 0.000000 0.040000 0.060000 0.000000 0.040000 0.080000 0.000000 0.040000 0.100000 0.000000 -0.383949 -0.267254 0.000000 -0.342218 -0.261071 0.000000 -0.040000 -0.160000 0.000000 -0.030000 -0.145500 0.000000 -0.100000 -0.205000 0.000000 -0.080000 -0.200000 0.000000 -0.060000 -0.187000 0.000000 -0.431497 0.291634 0.000000 -0.383949 0.320901 0.000000 0.020000 0.129000 0.000000 0.020000 0.111000 0.000000 -0.000000 0.160000 0.000000 -0.060000 0.180000 0.000000 -0.040000 0.180000 0.000000 -0.060000 0.200000 0.000000 -0.080000 0.220000 0.000000 -0.100000 0.215000 0.000000 -0.120000 0.220000 0.000000 -0.140000 0.217000 0.000000 -0.160000 0.222000 0.000000 0.020000 -0.111000 0.000000 -0.273822 -0.231787 0.000000 -0.305759 -0.236887 0.000000 -0.120000 -0.200000 0.000000 -0.160000 -0.202000 0.000000 -0.140000 -0.200000 0.000000 -0.180000 -0.200000 0.000000 -0.273822 0.279663 0.000000 -0.342218 0.297796 0.000000 -0.305759 0.274452 0.000000 -0.596174 -0.031196 0.000000 -0.596173 0.046794 0.000000 -0.592702 0.133161 0.000000 -0.245888 0.266270 0.000000 -0.180000 0.240000 0.000000 -0.200000 0.240000 0.000000 -0.221425 0.243174 0.000000 -0.221425 -0.223421 0.000000 -0.245888 -0.227327 0.000000 -0.020000 0.171000 0.000000 -0.020000 -0.131000 0.000000 -0.000000 -0.130000 0.000000 -0.000000 -0.110000 0.000000 -0.055000 -0.160250 0.000000 -0.000000 0.140000 0.000000 -0.402311 -0.229874 0.000000 -0.245888 0.246799 0.000000 -0.220819 -0.200591 0.000000 -0.200000 -0.200000 0.000000 0.030000 -0.060500 0.000000 -0.080000 -0.174000 0.000000 -0.200000 0.220000 0.000000 -0.527711 0.209306 0.000000 -0.527711 0.144000 0.000000 -0.477147 0.225242 0.000000 -0.431496 0.239629 0.000000 -0.419943 -0.188711 0.000000 -0.470429 -0.156773 0.000000 -0.527712 -0.095020 0.000000 -0.530608 -0.048980 0.000000 0.020000 -0.089000 0.000000 0.020000 -0.071000 0.000000 0.020000 -0.049000 0.000000 0.020000 -0.020000 0.000000 0.020000 -0.000000 0.000000 0.020000 0.029000 0.000000 0.020000 0.044500 0.000000 0.020000 0.060000 0.000000 0.020000 0.080000 0.000000 0.020000 0.095500 0.000000 -0.342218 -0.224346 0.000000 -0.050000 -0.133500 0.000000 -0.060000 -0.147000 0.000000 -0.040000 -0.120000 0.000000 -0.100000 -0.180000 0.000000 -0.070000 -0.160500 0.000000 -0.383951 0.267254 0.000000 -0.000000 0.120000 0.000000 -0.000000 0.100000 0.000000 -0.020000 0.149000 0.000000 -0.060000 0.160000 0.000000 -0.080000 0.174000 0.000000 -0.040000 0.160000 0.000000 -0.080000 0.200000 0.000000 -0.100000 0.200000 0.000000 -0.120000 0.200000 0.000000 -0.160000 0.200000 0.000000 -0.140000 0.200000 0.000000 -0.180000 0.220000 0.000000 -0.000000 -0.095000 0.000000 -0.301713 -0.202888 0.000000 -0.272549 -0.207305 0.000000 -0.120000 -0.184000 0.000000 -0.160000 -0.182000 0.000000 -0.140000 -0.177000 0.000000 -0.180000 -0.181000 0.000000 -0.273822 0.250938 0.000000 -0.342217 0.261071 0.000000 -0.305759 0.236887 0.000000 -0.530608 -0.000000 0.000000 -0.530608 0.048980 0.000000 -0.527711 0.095020 0.000000 -0.221425 0.223421 0.000000 -0.245888 0.227327 0.000000 -0.245889 -0.207856 0.000000 -0.020000 -0.115500 0.000000 -0.020000 -0.100000 0.000000 -0.020000 0.131000 0.000000 -0.375494 -0.204983 0.000000 -0.244472 -0.181761 0.000000 -0.220819 -0.180825 0.000000 -0.200000 -0.180000 0.000000 -0.085000 -0.160250 0.000000 -0.220819 0.200591 0.000000 -0.200000 0.200000 0.000000 -0.100000 -0.160000 0.000000 -0.470429 -0.105867 0.000000 -0.470429 0.173742 0.000000 -0.470429 0.122836 0.000000 -0.419942 0.206246 0.000000 -0.375493 0.204983 0.000000 -0.375493 -0.168918 0.000000 -0.419943 -0.153642 0.000000 -0.419942 -0.118573 0.000000 -0.472820 -0.050906 0.000000 -0.000000 -0.080000 0.000000 -0.000000 -0.060000 0.000000 -0.000000 -0.040000 0.000000 -0.000000 -0.010000 0.000000 -0.000000 -0.025000 0.000000 -0.000000 0.005000 0.000000 -0.000000 0.020000 0.000000 -0.000000 0.035000 0.000000 -0.000000 0.050000 0.000000 -0.000000 0.070000 0.000000 -0.000000 0.085000 0.000000 -0.336248 -0.185396 0.000000 -0.060000 -0.120000 0.000000 -0.080000 -0.134000 0.000000 -0.040000 -0.100000 0.000000 -0.120000 -0.160000 0.000000 -0.342218 0.224346 0.000000 -0.020000 0.109000 0.000000 -0.020000 0.091000 0.000000 -0.040000 0.132000 0.000000 -0.060000 0.140000 0.000000 -0.080000 0.154000 0.000000 -0.100000 0.160000 0.000000 -0.100000 0.180000 0.000000 -0.120000 0.184000 0.000000 -0.180000 0.200000 0.000000 -0.140000 0.183000 0.000000 -0.160000 0.180000 0.000000 -0.020000 -0.084500 0.000000 -0.301714 -0.165169 0.000000 -0.271277 -0.182823 0.000000 -0.160000 -0.160000 0.000000 -0.140000 -0.160000 0.000000 -0.180000 -0.160000 0.000000 -0.273823 0.212637 0.000000 -0.301714 0.202888 0.000000 -0.472820 0.016969 0.000000 -0.471624 0.069902 0.000000 -0.244473 0.201263 0.000000 -0.030000 0.119500 0.000000 -0.244473 -0.162260 0.000000 -0.220819 -0.161058 0.000000 -0.200000 -0.160000 0.000000 -0.100000 -0.145000 0.000000 -0.220819 0.180825 0.000000 -0.244473 0.181761 0.000000 -0.200000 0.180000 0.000000 -0.419943 -0.083504 0.000000 -0.130000 0.171500 0.000000 -0.130000 -0.148500 0.000000 -0.244472 -0.142758 0.000000 -0.419942 0.136107 0.000000 -0.419943 0.171177 0.000000 -0.419942 0.083503 0.000000 -0.375494 0.168918 0.000000 -0.336250 0.185396 0.000000 -0.375493 -0.114819 0.000000 -0.336248 -0.148451 0.000000 -0.421886 -0.035069 0.000000 -0.421886 -0.000000 0.000000 -0.020000 -0.069000 0.000000 -0.020000 -0.051000 0.000000 -0.020000 -0.029000 0.000000 -0.020000 -0.011000 0.000000 -0.020000 0.009000 0.000000 -0.020000 0.031000 0.000000 -0.020000 0.060000 0.000000 -0.020000 0.075500 0.000000 -0.080000 -0.114000 0.000000 -0.060000 -0.093000 0.000000 -0.100000 -0.120000 0.000000 -0.040000 -0.080000 0.000000 -0.120000 -0.136000 0.000000 -0.040000 0.108000 0.000000 -0.040000 0.092000 0.000000 -0.060000 0.120000 0.000000 -0.080000 0.134000 0.000000 -0.100000 0.140000 0.000000 -0.120000 0.160000 0.000000 -0.180000 0.179000 0.000000 -0.140000 0.160000 0.000000 -0.160000 0.160000 0.000000 -0.301713 -0.127449 0.000000 -0.271277 -0.144421 0.000000 -0.160000 -0.142000 0.000000 -0.140000 -0.137000 0.000000 -0.200000 -0.140000 0.000000 -0.180000 -0.139000 0.000000 -0.271277 0.182823 0.000000 -0.301713 0.165169 0.000000 -0.421886 0.035069 0.000000 -0.220819 -0.141291 0.000000 -0.220819 0.161058 0.000000 -0.244472 0.162260 0.000000 -0.200000 0.160000 0.000000 -0.377045 -0.054098 0.000000 -0.244472 -0.123257 0.000000 -0.130000 0.148500 0.000000 -0.375494 0.114819 0.000000 -0.375493 0.078754 0.000000 -0.336250 0.129978 0.000000 -0.336248 -0.093033 0.000000 -0.377045 -0.018033 0.000000 -0.377044 0.036066 0.000000 -0.040000 -0.060000 0.000000 -0.040000 -0.040000 0.000000 -0.040000 -0.020000 0.000000 -0.040000 -0.000000 0.000000 -0.030000 0.020500 0.000000 -0.040000 0.032000 0.000000 -0.040000 0.048000 0.000000 -0.040000 0.068000 0.000000 -0.080000 -0.094000 0.000000 -0.100000 -0.105000 0.000000 -0.060000 -0.067000 0.000000 -0.080000 -0.074000 0.000000 -0.120000 -0.120000 0.000000 -0.140000 -0.120000 0.000000 -0.060000 0.100000 0.000000 -0.060000 0.080000 0.000000 -0.080000 0.106000 0.000000 -0.100000 0.120000 0.000000 -0.120000 0.136000 0.000000 -0.180000 0.160000 0.000000 -0.140000 0.137000 0.000000 -0.160000 0.140000 0.000000 -0.301713 -0.099159 0.000000 -0.271277 -0.115619 0.000000 -0.160000 -0.120000 0.000000 -0.220819 -0.121525 0.000000 -0.200000 -0.120000 0.000000 -0.180000 -0.120000 0.000000 -0.271277 0.154021 0.000000 -0.301713 0.136879 0.000000 -0.220819 0.141291 0.000000 -0.244473 0.142758 0.000000 -0.200000 0.140000 0.000000 -0.337454 -0.036945 0.000000 -0.244473 -0.103755 0.000000 -0.090000 0.092500 0.000000 -0.336851 0.092698 0.000000 -0.337452 0.055418 0.000000 -0.301713 0.108589 0.000000 -0.301713 -0.070869 0.000000 -0.337454 -0.000000 0.000000 -0.060000 -0.040000 0.000000 -0.060000 -0.013000 0.000000 -0.060000 0.007000 0.000000 -0.050000 0.019500 0.000000 -0.060000 0.040000 0.000000 -0.060000 0.060000 0.000000 -0.100000 -0.080000 0.000000 -0.120000 -0.100000 0.000000 -0.080000 -0.054000 0.000000 -0.100000 -0.060000 0.000000 -0.140000 -0.100000 0.000000 -0.080000 0.080000 0.000000 -0.100000 0.105000 0.000000 -0.120000 0.120000 0.000000 -0.140000 0.120000 0.000000 -0.180000 0.139000 0.000000 -0.160000 0.120000 0.000000 -0.271277 -0.086818 0.000000 -0.160000 -0.098000 0.000000 -0.180000 -0.099000 0.000000 -0.220819 -0.101758 0.000000 -0.200000 -0.100000 0.000000 -0.271277 0.125220 0.000000 -0.220819 0.121525 0.000000 -0.244473 0.123257 0.000000 -0.200000 0.120000 0.000000 -0.302612 -0.018860 0.000000 -0.302162 -0.044865 0.000000 -0.244472 -0.084254 0.000000 -0.100000 0.080000 0.000000 -0.120000 -0.080000 0.000000 -0.080000 -0.037000 0.000000 -0.301714 0.070869 0.000000 -0.302613 0.037720 0.000000 -0.271277 0.096418 0.000000 -0.271592 -0.062610 0.000000 -0.302612 0.009430 0.000000 -0.080000 -0.020000 0.000000 -0.080000 -0.000000 0.000000 -0.080000 0.017000 0.000000 -0.080000 0.034000 0.000000 -0.080000 0.060000 0.000000 -0.120000 -0.060000 0.000000 -0.140000 -0.080000 0.000000 -0.100000 -0.040000 0.000000 -0.100000 0.065000 0.000000 -0.120000 0.096000 0.000000 -0.140000 0.103000 0.000000 -0.180000 0.120000 0.000000 -0.160000 0.100000 0.000000 -0.160000 -0.080000 0.000000 -0.180000 -0.080000 0.000000 -0.200000 -0.080000 0.000000 -0.220819 -0.081991 0.000000 -0.244472 0.103755 0.000000 -0.220819 0.101758 0.000000 -0.200000 0.100000 0.000000 -0.271907 -0.009601 0.000000 -0.271907 -0.038402 0.000000 -0.244472 -0.064752 0.000000 -0.120000 0.080000 0.000000 -0.120000 -0.040000 0.000000 -0.271592 0.043409 0.000000 -0.271277 0.067617 0.000000 -0.271907 0.019201 0.000000 -0.232277 0.083832 0.000000 -0.244473 0.064752 0.000000 -0.244866 -0.039003 0.000000 -0.100000 -0.015000 0.000000 -0.100000 -0.000000 0.000000 -0.100000 0.020000 0.000000 -0.100000 0.045000 0.000000 -0.140000 -0.057000 0.000000 -0.160000 -0.062000 0.000000 -0.120000 -0.024000 0.000000 -0.120000 0.064000 0.000000 -0.140000 0.080000 0.000000 -0.180000 0.099000 0.000000 -0.160000 0.080000 0.000000 -0.180000 -0.059000 0.000000 -0.200000 -0.060000 0.000000 -0.221003 -0.059300 0.000000 -0.200000 0.080000 0.000000 -0.244866 -0.000000 0.000000 -0.244865 -0.019501 0.000000 -0.140000 -0.040000 0.000000 -0.244866 0.039003 0.000000 -0.244865 0.019501 0.000000 -0.220819 0.062225 0.000000 -0.221003 -0.019767 0.000000 -0.221003 -0.039533 0.000000 -0.120000 0.004000 0.000000 -0.120000 0.020000 0.000000 -0.120000 0.036000 0.000000 -0.160000 -0.040000 0.000000 -0.140000 -0.020000 0.000000 -0.140000 0.063000 0.000000 -0.130000 0.050500 0.000000 -0.180000 0.080000 0.000000 -0.160000 0.060000 0.000000 -0.180000 -0.040000 0.000000 -0.200000 -0.040000 0.000000 -0.200000 0.060000 0.000000 -0.221003 -0.000000 0.000000 -0.221003 0.039533 0.000000 -0.221003 0.019767 0.000000 -0.200000 -0.020000 0.000000 -0.200000 -0.000000 0.000000 -0.140000 -0.000000 0.000000 -0.140000 0.020000 0.000000 -0.140000 0.037000 0.000000 -0.160000 -0.018000 0.000000 -0.180000 -0.020000 0.000000 -0.160000 0.042000 0.000000 -0.180000 0.060000 0.000000 -0.200000 0.040000 0.000000 -0.160000 -0.000000 0.000000 -0.200000 0.020000 0.000000 -0.180000 -0.000000 0.000000 -0.160000 0.020000 0.000000 -0.180000 0.039000 0.000000 -0.180000 0.020000 0.000000 
</DataArray>
</Points>
<Cells>
<DataArray type="Int32" Name="connectivity"  format="ascii">
1474 1510 1599 1479 1599 1602 1480 1479 1602 1361 1362 1479 1599 1479 1474 1353 1363 1473 1227 1238 1353 1361 1479 1480 1598 1603 1714 1468 1592 1593 1480 1481 1363 1709 1715 1823 1592 1709 1710 1598 1715 1709 1481 1598 1473 1363 1481 1473 1603 1640 1714 1480 1603 1481 1480 1602 1603 1714 1715 1598 1603 1602 1640 1598 1481 1603 1363 1361 1480 1238 1237 1363 1473 1468 1353 1227 1109 1124 1362 1474 1479 1236 1362 1361 1354 1474 1362 1597 1598 1709 1473 1597 1592 1473 1598 1597 1361 1237 1236 1709 1823 1824 1123 1124 1018 1236 1123 1228 1236 1237 1123 1848 1824 1930 1824 1743 1710 1948 1848 1930 1947 2034 2032 1515 1503 1469 1632 1515 1593 1743 1632 1710 1734 1622 1632 1632 1622 1515 1114 1018 1008 1008 1003 905 1947 1948 2034 1852 1843 1945 1952 1852 1945 1950 1851 1852 2032 1952 1945 1849 1949 1850 1745 1744 1850 1851 1950 1951 1746 1851 1849 1746 1852 1851 1848 1948 1947 1945 1848 1947 1632 1593 1710 1517 1605 1483 1813 1698 1749 1265 1349 1387 1221 1349 1239 1469 1503 1387 1124 1238 1227 1123 1237 1124 1354 1236 1228 1354 1362 1236 1361 1363 1237 1349 1221 1348 1123 1114 1228 1123 1018 1114 1238 1124 1237 1109 1018 1124 1110 1109 1227 1110 1002 1109 1003 1008 1018 1109 1003 1018 1002 902 1003 1109 1002 1003 1221 1110 1227 1348 1221 1227 1239 1125 1221 1221 1125 1100 1110 1221 1100 1469 1349 1348 1468 1593 1469 1353 1468 1348 1227 1353 1348 1238 1363 1353 1473 1592 1468 1698 1813 1800 1800 1688 1686 1482 1453 1364 1604 1482 1605 1577 1453 1482 1239 1265 1240 1349 1469 1387 1593 1515 1469 1348 1468 1469 1592 1710 1593 1746 1843 1852 1951 1949 1851 1635 1734 1746 1915 2007 1916 1483 1387 1503 1622 1517 1503 1605 1482 1483 1634 1605 1517 1746 1744 1635 1850 1812 1745 1605 1720 1604 1746 1734 1843 1517 1483 1503 1635 1517 1622 1634 1745 1720 1635 1634 1517 1635 1744 1634 1503 1515 1622 960 1062 959 742 843 842 953 887 949 994 902 1002 2038 2113 2116 1100 994 1002 1126 1019 1125 980 994 1019 2116 2136 2192 2036 2116 2117 2036 2038 2116 2037 2036 2117 1951 1950 2036 2032 2113 2038 2113 2136 2116 673 753 661 893 980 876 2260 2314 2245 2261 2260 2191 2261 2314 2260 2036 2037 1951 2192 2191 2116 2085 2167 2168 2046 2085 2083 1998 2046 2083 1960 2001 2046 2001 2087 2085 1712 1595 1713 1826 1712 1713 1793 1679 1712 1795 1681 1793 1899 1795 1793 1794 1897 1790 1247 1372 1309 1471 1472 1352 1557 1435 1472 1596 1557 1472 1559 1558 1435 1435 1558 1436 1309 1435 1308 1557 1559 1435 1679 1559 1557 1679 1681 1559 1712 1679 1596 1793 1681 1679 1595 1712 1596 1826 1899 1793 1756 1794 1680 1795 1756 1681 1795 1794 1756 1676 1790 1677 1681 1680 1559 1681 1756 1680 1883 1980 1881 1791 1898 1884 2070 1980 1981 2153 2070 2081 2069 2068 1979 1980 2069 1979 2153 2152 2069 1556 1539 1434 1677 1556 1555 1678 1662 1556 1677 1678 1556 1554 1676 1555 1791 1897 1898 1677 1791 1678 1790 1897 1791 1539 1414 1415 1661 1537 1662 1661 1536 1538 1310 1433 1306 957 998 898 952 1055 942 833 844 942 887 843 788 841 887 787 953 843 887 1063 950 1064 951 1065 952 1063 951 950 1063 1065 951 1224 1351 1352 1105 1225 1224 998 1105 1104 1106 1225 1105 1069 1106 998 1069 1179 1106 1179 1311 1225 1824 1823 1930 1743 1824 1848 1710 1709 1824 1734 1632 1743 1592 1597 1709 904 878 879 1006 904 997 1006 981 904 904 981 878 1104 1103 997 1053 981 1006 2193 2194 2118 2117 2193 2118 2117 2191 2193 2260 2245 2194 2340 2314 2277 2376 2430 2378 2340 2376 2314 2340 2397 2376 2244 2174 2245 1308 1435 1436 2242 2172 2243 2083 2085 2166 2008 2002 1916 2261 2277 2314 2378 2377 2312 2191 2117 2116 2261 2191 2192 2194 2174 2118 2260 2194 2193 2245 2174 2194 2173 2172 2093 2174 2173 2093 2243 2172 2173 2313 2311 2244 2310 2309 2242 2260 2193 2191 2243 2173 2174 2093 2009 2010 2244 2243 2174 1848 1843 1743 2113 2032 2034 1952 2038 2036 1852 1952 1950 2032 2038 1952 2118 2037 2117 1843 1734 1743 1945 1843 1848 2032 1945 1947 1950 1952 2036 1849 1851 1949 2010 1949 1951 2118 2053 2037 2009 1917 2010 1917 2007 1915 2092 2007 2091 2172 2092 2091 2093 2172 2091 2009 2093 2091 2118 2174 2093 2242 2241 2172 2087 2001 2086 2167 2087 2086 2167 2085 2087 1689 1802 1803 1916 1906 1813 1749 1811 1813 2008 2092 2086 2002 2008 2086 2001 2002 2086 1906 1916 2002 2007 2092 2008 2001 1960 1907 2309 2307 2238 2241 2309 2240 2086 2169 2167 2242 2309 2241 2169 2172 2241 2167 2169 2241 2092 2172 2169 2243 2311 2242 2374 2307 2309 1319 1317 1188 1567 1443 1444 1567 1568 1443 1688 1567 1569 1688 1568 1567 1686 1688 1569 1801 1689 1688 1689 1687 1568 1442 1317 1319 1565 1442 1443 1566 1560 1442 1906 1907 1800 1802 1865 1803 1907 1802 1801 1907 1865 1802 1800 1907 1801 1906 2001 1907 1177 1178 1107 1308 1310 1260 2432 2474 2476 2429 2428 2373 2476 2475 2431 2509 2542 2508 2475 2510 2473 2543 2542 2509 1188 1063 1064 1319 1188 1320 1444 1319 1320 1443 1442 1319 1186 1187 1063 1317 1186 1188 1317 1318 1186 1239 1349 1265 2086 2092 2169 1906 2002 2001 1916 2007 2008 2046 1998 1959 2198 2125 2166 2198 2199 2126 1902 1803 1865 1960 2046 1959 1907 1960 1865 2001 2085 2046 1931 1826 1827 1899 1826 1931 1995 1899 1931 1901 1795 1899 1794 1900 1897 1680 1794 1790 1795 1900 1794 1901 1900 1795 2127 2165 2082 2050 2127 2082 2050 2126 2127 1902 1998 1963 2199 2165 2127 1981 1994 2070 1931 1963 1995 2134 2165 2203 2163 2134 2203 1996 2082 2080 1994 1993 2080 1900 1901 1996 1997 1995 2082 2237 2270 2203 2199 2237 2165 2199 2198 2265 1993 1994 1898 1996 1993 1900 1996 2080 1993 1775 1776 1661 1678 1775 1662 1678 1791 1792 1682 1566 1687 1595 1682 1713 1595 1560 1682 1917 2009 2007 1917 1949 2010 1697 1579 1577 1811 1697 1812 1749 1639 1697 1916 1813 1811 1483 1482 1364 1604 1697 1577 1482 1604 1577 1720 1697 1604 971 1015 972 980 971 888 1079 1015 971 1201 1079 1126 1201 1120 1079 1456 1455 1333 1453 1456 1333 1577 1579 1456 1444 1569 1567 1441 1444 1320 1441 1564 1444 1316 1441 1320 1189 1316 1320 1332 1202 1203 1455 1579 1578 1639 1579 1697 1698 1639 1749 1698 1686 1578 1564 1686 1569 1564 1578 1686 1444 1564 1569 1454 1578 1564 1316 1358 1441 1455 1578 1454 1639 1698 1578 1850 1949 1917 1915 1812 1917 1744 1746 1849 1850 1744 1849 1745 1634 1744 1720 1605 1634 1812 1720 1745 1812 1697 1720 1917 1812 1850 1811 1749 1697 1915 1811 1812 1915 1916 1811 1622 1734 1635 1951 2037 2010 2053 2093 2010 2037 2053 2010 2118 2093 2053 2091 2007 2009 1827 1826 1713 1796 1827 1713 1682 1796 1713 1803 1902 1796 1902 1931 1827 1995 2050 2082 1899 1995 1901 1963 2050 1995 1902 1963 1931 1998 2049 1963 1959 1998 1902 1865 1959 1902 1865 1960 1959 2049 2050 1963 2083 2049 1998 2125 2198 2126 2083 2125 2049 2083 2166 2125 2126 2199 2127 2049 2126 2050 2049 2125 2126 2239 2265 2198 2308 2305 2265 2239 2308 2265 2238 2239 2166 2238 2308 2239 2167 2241 2240 2307 2372 2306 2240 2309 2238 2166 2240 2238 2168 2167 2240 2166 2168 2240 2166 2085 2168 2372 2428 2427 2374 2373 2307 2374 2375 2429 2471 2508 2490 2426 2471 2469 2426 2427 2471 1997 1996 1901 1995 1997 1901 2082 1996 1997 1994 2081 2070 736 730 640 730 833 729 644 736 640 743 833 736 752 656 729 740 841 741 646 740 645 558 646 645 560 574 646 674 687 770 751 850 849 631 632 730 1560 1566 1682 1105 1133 1104 1351 1224 1225 1352 1247 1224 1055 952 1065 957 958 1069 1437 1442 1560 1471 1351 1437 951 842 950 647 741 686 1055 1065 1179 2430 2376 2397 2312 2313 2244 2314 2312 2245 2376 2378 2312 2314 2376 2312 2445 2430 2397 2474 2511 2476 2445 2474 2430 2445 2487 2474 2377 2313 2312 2431 2377 2378 2399 2429 2375 2431 2399 2377 2431 2429 2399 1555 1434 1433 1433 1307 1305 2474 2487 2511 2552 2544 2521 2543 2512 2545 2510 2509 2473 2512 2510 2475 2543 2509 2510 2573 2594 2574 2512 2544 2545 2552 2578 2573 1980 1883 1981 1883 1774 1776 1773 1660 1774 1658 1659 1772 1535 1411 1412 1534 1535 1659 1534 1411 1535 1535 1412 1536 1539 1537 1414 1555 1556 1434 1662 1537 1539 1434 1415 1307 1433 1434 1307 1306 1433 1305 1436 1554 1433 1680 1790 1676 1559 1680 1558 1792 1884 1775 1678 1792 1775 1791 1884 1792 1775 1884 1776 1539 1556 1662 1677 1790 1791 1434 1539 1415 1413 1414 1537 2594 2573 2578 2598 2594 2578 2572 2574 2592 2571 2572 2592 2543 2545 2572 2370 2424 2390 2472 2471 2427 2469 2424 2426 2541 2537 2507 2237 2203 2165 2305 2270 2237 2371 2370 2308 2424 2369 2368 2303 2236 2235 2368 2303 2333 2390 2368 2333 2370 2390 2333 2424 2368 2390 2369 2304 2368 2425 2369 2424 2469 2425 2424 2462 2461 2417 2470 2462 2425 2470 2501 2462 2304 2303 2368 2418 2361 2369 2295 2225 2236 2295 2294 2224 2304 2295 2236 2304 2361 2295 2511 2487 2521 2552 2573 2544 2474 2432 2430 2432 2431 2378 2430 2432 2378 2476 2431 2432 2512 2476 2511 2448 2473 2429 2512 2475 2476 2512 2543 2510 2574 2572 2545 2509 2472 2473 2471 2472 2508 2429 2373 2374 2377 2399 2375 2448 2475 2473 2431 2448 2429 2431 2475 2448 2427 2428 2472 2372 2307 2373 2428 2372 2373 2427 2371 2372 2312 2244 2245 2375 2313 2377 2473 2428 2429 2310 2242 2311 2375 2310 2311 2374 2309 2310 2311 2243 2244 2375 2311 2313 2375 2374 2310 2593 2606 2589 2592 2593 2571 2592 2606 2593 2611 2616 2610 2617 2613 2614 2615 2617 2614 2616 2613 2617 2595 2610 2609 2611 2613 2616 1538 1537 1661 1413 1538 1536 1413 1537 1538 1535 1660 1659 1413 1536 1412 1661 1660 1536 2613 2603 2614 2605 2615 2604 2587 2605 2604 2606 2615 2605 2571 2593 2589 2609 2615 2606 1535 1536 1660 2617 2615 2616 1534 1409 1410 1411 1534 1410 1658 1771 1656 1978 2068 2067 1879 1880 1978 1979 2068 1978 1882 1979 1880 1772 1773 1880 1881 1979 1882 1980 2070 2069 2164 2153 2081 2152 2224 2151 2164 2225 2153 2163 2164 2081 2080 2163 2081 2235 2236 2164 2203 2235 2163 2203 2270 2235 2235 2270 2303 2134 2082 2165 2080 2134 2163 2080 2082 2134 2305 2308 2370 2270 2305 2333 2239 2198 2166 2237 2265 2305 2237 2199 2265 2149 2220 2148 2124 2149 2066 2048 2124 2066 1976 2048 2066 1962 1977 2048 2150 2149 2124 2150 2223 2221 2152 2068 2069 2223 2151 2224 2150 2067 2151 2048 2067 2124 1977 1978 2067 2048 1977 2067 1976 1877 1962 2132 2055 2066 1975 1876 1976 1878 1770 1879 1898 1981 1884 1993 1898 1897 1994 1981 1898 1900 1993 1897 2080 2081 1994 2153 2069 2070 1774 1660 1661 1776 1774 1661 1662 1775 1661 1883 1881 1774 1884 1883 1776 1884 1981 1883 1881 1882 1773 1979 1881 1980 1773 1659 1660 2357 2416 2415 2414 2356 2415 2291 2292 2358 2292 2359 2358 2294 2293 2223 2294 2360 2293 2418 2369 2425 2360 2418 2417 2360 2361 2418 2146 2147 2218 2216 2145 2217 2063 2064 2146 1872 1765 1874 1973 1974 2064 1860 1767 1875 2148 2220 2219 2065 2148 2147 2146 2064 2147 2055 1976 2066 1975 2055 2065 1975 1976 2055 2132 2149 2148 2065 2132 2148 2066 2149 2132 2224 2294 2223 2150 2151 2223 2225 2295 2224 2292 2293 2359 2222 2221 2291 2223 2293 2292 1532 1657 1655 1658 1656 1533 1659 1658 1534 1772 1771 1658 1770 1878 1877 1656 1770 1657 1771 1879 1770 1880 1861 1772 1532 1531 1408 1533 1532 1408 1533 1656 1532 1771 1770 1656 1655 1654 1531 1770 1655 1657 1769 1654 1655 213 145 215 364 287 290 287 213 215 290 287 215 363 323 286 446 529 444 450 445 367 530 529 445 364 290 367 446 364 445 529 446 445 444 364 446 444 363 364 450 530 445 445 364 367 450 534 530 449 366 395 286 323 250 287 286 213 363 444 395 287 363 286 287 364 363 617 528 529 286 250 213 473 395 444 528 473 444 366 365 288 533 449 473 533 621 532 288 250 323 814 718 710 819 716 717 619 623 718 710 718 623 768 865 814 716 617 618 717 716 618 766 670 716 448 449 532 323 366 288 395 473 449 323 395 366 323 363 395 528 533 473 529 528 444 579 670 669 366 449 448 622 720 621 528 579 533 670 764 669 653 749 747 531 620 565 719 749 653 1420 1291 1292 1427 1420 1544 1299 1291 1420 1427 1329 1299 1452 1427 1544 1452 1329 1427 1576 1452 1544 1666 1576 1544 1666 1779 1696 1513 1512 1394 1450 1513 1394 1631 1629 1513 1450 1575 1513 1576 1575 1452 1576 1666 1575 1583 1666 1544 1459 1583 1544 1582 1666 1583 1888 1921 1985 1810 1809 1913 1779 1702 1816 621 720 719 1742 1629 1631 2099 2017 2098 1926 1925 2016 1856 1926 1955 1853 1820 1926 1856 1853 1926 1641 1748 1637 1636 1641 1637 1752 1751 1641 1853 1752 1747 1856 1857 1751 2016 2018 2097 1821 1927 1925 1893 1892 1988 1216 1217 1094 2018 2076 2100 1893 1988 1927 1892 1989 1988 1111 1196 1200 1910 1807 1911 1892 1910 1989 1892 1807 1910 718 717 679 901 820 814 927 1040 1001 970 1040 927 1162 1226 1108 931 820 901 931 819 820 579 528 617 670 579 617 669 622 579 618 529 530 717 618 679 617 529 618 1001 1044 931 927 1001 901 1108 1044 1001 1162 1108 1040 1226 1299 1169 1329 1199 1198 819 717 820 863 819 931 1198 1299 1329 1076 1198 1199 1169 1108 1226 1078 1169 1198 1078 1044 1169 765 766 863 766 716 819 1039 970 926 532 621 620 447 448 531 449 533 532 619 530 534 623 619 534 679 618 619 1082 1039 974 565 652 564 531 565 486 620 719 653 565 620 653 531 532 620 620 621 719 447 531 486 448 365 366 531 448 532 447 365 448 1334 1335 1204 1401 1524 1523 1373 1401 1272 1373 1397 1491 1457 1335 1334 1400 1457 1334 1523 1580 1457 1400 1401 1523 1272 1400 1334 1272 1401 1400 1524 1649 1648 1863 1815 1763 1764 1873 1763 1957 2012 1920 2061 2044 1969 1964 2011 2052 1964 1918 2011 2051 1964 2052 1921 1918 1964 1913 1888 1985 1816 1814 1918 1888 1816 1921 1888 1779 1816 1919 1815 1920 2011 1919 1920 1814 1815 1919 2012 2094 2011 1920 2012 2011 2044 2095 2012 2267 2268 2331 2200 2267 2266 2200 2201 2267 2094 2175 2130 2175 2215 2246 1814 1702 1701 765 764 670 1329 1328 1199 1451 1449 1574 1197 1195 1075 1328 1197 1199 1326 1195 1197 1394 1326 1450 1325 1195 1326 1326 1197 1328 860 862 967 1004 903 967 861 764 860 1169 1044 1108 1076 1078 1198 969 1044 1078 863 969 862 863 931 969 1001 931 901 1299 1198 1169 969 931 1044 1450 1452 1575 1325 1326 1394 1512 1574 1449 1197 1076 1199 1196 1195 1325 1327 1196 1325 1394 1449 1325 1330 1200 1327 1111 1075 1196 1075 967 1076 1196 1075 1195 1111 1004 1075 1328 1452 1450 1450 1326 1328 1329 1452 1328 1420 1427 1299 1513 1575 1631 1082 974 975 1205 1082 1083 1130 1206 1083 1292 1291 1161 1039 926 974 1161 1039 1082 1039 1040 970 670 766 765 720 669 764 617 716 670 530 619 618 1226 1291 1299 1082 1205 1161 1336 1459 1421 1205 1336 1292 1206 1335 1336 1421 1420 1292 1336 1421 1292 1459 1544 1421 1695 1809 1810 1702 1779 1666 1702 1814 1816 822 764 861 1040 1039 1162 865 970 927 864 926 970 1375 1298 1426 1298 1340 1426 1298 1213 1340 1128 1212 1091 1241 1128 1127 1241 1212 1128 1366 1241 1242 1365 1340 1241 1241 1340 1212 1484 1365 1391 1426 1340 1365 1213 1090 1212 1091 1020 1128 1367 1366 1242 1463 1367 1342 1485 1508 1391 1486 1485 1367 1486 1607 1485 986 1091 985 1366 1365 1241 1340 1213 1212 1367 1242 1342 1484 1391 1508 1391 1365 1366 1485 1391 1366 1484 1426 1365 1091 1212 1090 985 1091 1090 986 987 1020 1093 1127 1020 1242 1241 1127 987 986 883 883 882 783 786 792 886 784 786 885 784 685 786 987 988 1093 1366 1367 1485 1214 1342 1242 792 892 891 885 786 886 763 859 792 684 685 784 668 667 762 1218 1345 1346 1095 1218 1215 1095 1094 1217 1586 1705 1704 1607 1486 1608 1463 1467 1587 1341 1218 1347 1591 1590 1708 1587 1591 1705 1587 1467 1591 883 783 784 1367 1463 1486 784 783 684 1485 1607 1508 1586 1486 1463 1586 1608 1486 665 668 685 1705 1818 1704 578 668 665 1708 1822 1818 1347 1218 1346 1466 1347 1346 1463 1342 1341 761 760 667 848 955 857 747 848 748 747 846 847 857 858 760 848 857 761 955 858 857 847 954 956 993 1098 992 966 993 892 1099 1098 993 685 668 763 792 786 763 684 665 685 578 584 667 2300 2231 2276 2250 2252 2180 2179 2250 2178 2251 2320 2319 2179 2251 2250 2249 2318 2251 2181 2100 2159 2249 2177 2230 2177 2097 2100 2230 2177 2181 2249 2179 2177 1914 2005 1912 2318 2249 2300 2341 2366 2300 2319 2321 2252 2251 2319 2250 2320 2383 2382 1985 2013 2073 2215 2175 2143 2144 2215 2143 2286 2246 2215 2054 2090 2006 2157 2228 2202 2129 2157 2073 2051 2129 2073 2200 2157 2129 2200 2266 2229 2232 2276 2231 2171 2232 2160 2202 2228 2269 2157 2202 2131 2269 2298 2301 1918 1921 1816 1854 1953 1928 1748 1854 1822 1708 1748 1822 1641 1636 1747 1590 1637 1708 1705 1591 1708 1467 1466 1590 1706 1589 1588 1707 1706 1588 1806 1707 1693 1821 1820 1707 1589 1518 1465 1588 1589 1507 1636 1518 1589 1747 1636 1706 1747 1752 1641 2042 2099 2122 2041 2042 2122 2017 1926 2016 2097 2017 2016 2042 1955 2017 2041 1955 2042 1953 1954 2040 1953 1854 1857 1955 1926 2017 675 748 761 582 675 584 582 659 675 1822 1864 1818 1637 1748 1708 1854 1928 1822 652 572 564 675 659 748 582 572 659 1226 1162 1291 1078 1076 969 1040 1108 1001 814 865 927 718 814 820 717 718 820 679 619 718 710 768 814 865 864 970 901 814 927 768 864 865 720 821 719 622 669 720 533 622 621 533 579 622 764 822 720 819 863 766 1628 1549 1671 1194 1323 1324 1220 1194 1324 1099 1074 1194 1005 1077 968 1511 1549 1628 1428 1330 1451 1429 1393 1511 1300 1330 1428 1428 1451 1549 1784 1740 1671 1785 1692 1672 965 966 858 1068 1073 965 955 1068 965 956 954 1067 847 956 955 954 1045 1067 1074 966 965 1073 1193 1074 955 956 1068 1067 1045 1170 1301 1190 1170 1068 956 1067 1099 993 1074 1393 1300 1428 1194 1193 1323 1170 1300 1301 1190 1067 1170 1193 1190 1301 1193 1073 1190 1045 1077 1170 1220 1098 1099 822 861 932 1449 1327 1325 1512 1449 1394 1451 1327 1449 1193 1301 1323 1074 1193 1194 1074 965 1073 1330 1300 1200 1429 1323 1301 1550 1429 1511 1447 1323 1429 1200 1196 1327 967 862 969 1197 1075 1076 903 968 861 1004 1005 903 1075 1004 967 1111 1005 1004 1111 1077 1005 1549 1574 1671 1550 1511 1628 1451 1574 1549 1511 1428 1549 1330 1327 1451 653 747 652 821 749 719 821 846 749 822 821 720 861 968 932 765 860 764 967 969 1076 765 862 860 765 863 862 903 861 860 967 903 860 1005 968 903 859 966 892 792 859 892 763 762 859 891 992 989 792 891 886 892 992 891 762 858 859 668 762 763 667 675 761 932 821 822 1077 1045 968 846 747 749 954 847 846 932 954 846 1068 1067 1190 968 1045 932 1077 1200 1170 847 848 747 932 1045 954 955 848 847 652 747 748 932 846 821 1073 1068 1190 1200 1300 1170 1111 1200 1077 1393 1428 1511 1301 1393 1429 1301 1300 1393 1447 1324 1323 760 762 667 857 760 761 858 762 760 965 858 955 966 859 858 1629 1630 1512 1513 1629 1512 1742 1741 1629 1784 1807 1892 1740 1784 1785 1672 1740 1785 1672 1628 1740 1671 1694 1784 885 883 784 685 763 786 886 988 885 1094 989 992 1095 1215 1093 1785 1892 1893 1630 1694 1574 1512 1630 1574 1741 1694 1630 1911 1912 2004 1741 1808 1694 1741 1847 1808 986 985 882 883 986 882 1020 1127 1128 986 1020 1091 987 1093 1020 885 987 883 1093 1215 1214 988 989 1093 885 988 987 886 989 988 1214 1242 1127 1093 1214 1127 1215 1341 1214 667 584 675 748 848 761 668 578 667 748 659 652 1864 1822 1928 1082 975 1083 1130 1081 1204 1335 1206 1204 1083 1081 1130 1161 1162 1039 1292 1161 1205 1291 1162 1161 975 1081 1083 1857 1854 1751 1954 1857 1856 1954 1953 1857 2041 1954 1955 2121 2041 2122 2121 2040 2041 1204 1081 1102 1207 1204 1102 1206 1336 1205 1083 1206 1205 1335 1458 1336 1421 1544 1420 1336 1458 1460 1460 1582 1459 1459 1582 1583 1457 1580 1458 1584 1582 1460 1581 1584 1460 1699 1701 1584 1581 1699 1584 1815 1814 1699 1702 1666 1582 2013 1964 2051 2073 2013 2051 1921 1964 2013 1919 2011 1918 1863 1920 1815 1957 2044 2012 1863 1957 1920 1873 1869 1969 1863 1873 1957 1863 1763 1873 2012 2095 2094 1847 1914 1912 1742 1847 1741 1810 1914 1847 1809 1779 1888 1913 1809 1888 1696 1779 1809 1695 1696 1809 1695 1575 1696 1742 1695 1810 1631 1575 1695 1985 2006 1913 2533 2496 2497 2534 2533 2497 2564 2540 2533 2420 2363 2365 2504 2466 2465 2394 2423 2366 2394 2421 2423 2338 2394 2341 2364 2421 2394 2338 2301 2364 2300 2338 2341 2276 2301 2338 2298 2363 2364 2423 2467 2468 2502 2464 2463 2526 2538 2539 2503 2526 2539 2503 2502 2526 2503 2464 2502 2538 2526 2502 2506 2468 2503 2539 2506 2503 2568 2539 2538 2546 2547 2514 2468 2436 2423 2479 2468 2506 2479 2436 2468 2464 2421 2419 2357 2290 2291 2414 2457 2413 2416 2460 2459 2498 2497 2458 2413 2412 2353 1705 1708 1818 1608 1586 1704 1590 1518 1637 1591 1467 1590 1586 1587 1705 1586 1463 1587 1341 1342 1214 1218 1341 1215 1347 1463 1341 1346 1465 1466 1463 1347 1467 1345 1465 1346 1217 1345 1218 1095 1217 1218 993 992 892 1343 1216 1220 1094 992 1098 989 1094 1095 1093 989 1095 886 891 989 1216 1098 1220 1217 1216 1344 1094 1098 1216 1671 1574 1694 1807 1784 1694 966 1074 993 1806 1821 1707 1692 1806 1693 1692 1785 1806 1706 1707 1820 1747 1706 1820 1345 1390 1465 1194 1220 1099 1572 1448 1447 1448 1464 1343 1447 1448 1324 1573 1464 1448 1343 1344 1216 1324 1343 1220 1464 1344 1343 1588 1464 1573 1390 1344 1464 1465 1390 1507 1345 1344 1390 1345 1217 1344 1806 1785 1893 1573 1572 1693 1572 1550 1672 1821 1806 1893 1588 1693 1707 1390 1464 1507 1573 1693 1588 1343 1324 1448 1572 1692 1693 1448 1572 1573 1740 1628 1671 1572 1672 1692 1550 1628 1672 1447 1550 1572 1447 1429 1550 1820 1925 1926 1706 1636 1589 1856 1752 1853 1637 1518 1636 1821 1925 1820 1465 1507 1589 1466 1465 1518 1590 1466 1518 1467 1347 1466 1588 1507 1464 1893 1927 1821 1204 1206 1130 1334 1204 1207 1272 1334 1207 2197 2122 2180 1954 2041 2040 2178 2180 2099 2098 2178 2099 2250 2180 2178 2197 2121 2122 2251 2318 2320 2100 2181 2177 2230 2300 2249 2274 2252 2321 2180 2122 2099 2208 2180 2252 2208 2197 2180 1700 1648 1763 1457 1400 1523 1491 1397 1521 2208 2252 2274 1522 1398 1399 1645 1521 1522 1762 1871 1761 1525 1524 1401 1521 1525 1491 1650 1524 1525 1760 1650 1645 1649 1524 1650 1491 1401 1373 1645 1525 1521 1525 1401 1491 1581 1580 1648 1699 1581 1700 1460 1458 1581 1397 1398 1521 1760 1761 1870 1764 1760 1869 1645 1646 1760 2366 2383 2320 2394 2366 2341 2423 2436 2400 2274 2321 2337 2017 2099 2042 2177 2098 2097 2179 2178 2098 2177 2179 2098 2249 2251 2179 1820 1853 1747 1954 1856 1955 1751 1748 1641 1856 1751 1752 1854 1748 1751 2089 2005 2090 2160 2089 2171 2004 2005 2089 1847 1912 1808 1810 1913 1914 1742 1810 1847 1630 1629 1741 1631 1695 1742 1696 1575 1666 2006 2005 1914 1913 2006 1914 2054 2073 2131 1985 2054 2006 1985 2073 2054 2160 2231 2159 2076 1989 2077 2171 2131 2202 2077 2089 2160 2090 2131 2171 2089 2090 2171 2005 2006 2090 2300 2276 2338 2382 2435 2384 2321 2382 2384 2319 2320 2382 2318 2366 2320 2400 2436 2383 2366 2400 2383 2366 2423 2400 2230 2231 2300 2181 2159 2230 2016 1927 2018 2098 2017 2097 1925 1927 2016 2159 2231 2230 2076 2159 2100 2018 1988 2076 2097 2018 2100 1927 1988 2018 1911 1807 1808 1989 1911 2004 1989 1910 1911 2004 1912 2005 2077 1989 2004 2159 2077 2160 2159 2076 2077 1784 1892 1785 1808 1807 1694 1808 1912 1911 2089 2077 2004 2076 1988 1989 2232 2171 2202 1522 1399 1403 1645 1522 1646 1521 1398 1522 652 659 572 486 565 564 565 653 652 2420 2422 2465 2419 2420 2463 2365 2422 2420 2299 2365 2363 2298 2297 2363 2331 2332 2365 2266 2331 2299 2266 2267 2331 2455 2412 2456 2379 2411 2422 2365 2379 2422 2332 2315 2379 2352 2353 2412 2351 2352 2411 2351 2286 2287 2286 2351 2315 2246 2286 2315 2267 2201 2268 2201 2175 2246 2287 2288 2352 2216 2287 2286 2275 2288 2287 2216 2275 2287 2216 2217 2275 2420 2465 2466 2332 2379 2365 2411 2412 2455 2275 2217 2288 2413 2457 2456 2419 2421 2364 2363 2419 2364 2463 2464 2419 2514 2515 2479 2539 2514 2506 2546 2569 2547 2539 2546 2514 2539 2569 2546 2575 2547 2569 2517 2481 2482 2384 2438 2437 2337 2384 2393 2321 2319 2382 2467 2464 2503 2482 2481 2438 2479 2482 2438 2515 2517 2482 2435 2438 2384 2384 2337 2321 1870 1761 1871 1764 1649 1650 1873 1764 1869 1763 1649 1764 2044 1957 1969 1336 1460 1459 1457 1458 1335 1580 1581 1458 1648 1580 1523 1524 1648 1523 1649 1763 1648 1700 1815 1699 1648 1700 1581 1763 1815 1700 1522 1403 1526 2467 2423 2421 2464 2467 2421 2503 2468 2467 2435 2436 2479 2435 2383 2436 2438 2435 2479 2515 2482 2479 2437 2393 2384 2366 2318 2300 2435 2382 2383 2319 2252 2250 1527 1651 1526 1402 1527 1526 1528 1651 1527 1528 1402 1405 1404 1530 1405 1651 1765 1762 1526 1651 1647 1652 1766 1651 2481 2437 2438 2548 2517 2515 1530 1653 1652 1529 1530 1404 1529 1653 1530 1529 1404 1406 2537 2500 2501 2589 2566 2567 2535 2498 2499 2500 2535 2499 2587 2564 2565 2505 2538 2502 2527 2540 2504 2496 2527 2504 2533 2540 2527 2564 2570 2540 2565 2564 2534 2535 2565 2534 2566 2587 2565 2589 2606 2605 2570 2564 2587 2604 2591 2587 2588 2605 2587 2615 2612 2604 2612 2614 2607 2604 2612 2607 2615 2614 2612 2588 2589 2605 2609 2616 2615 2603 2602 2614 2557 2568 2538 2591 2581 2570 2591 2590 2581 2466 2502 2463 2420 2466 2463 2504 2505 2466 2496 2504 2465 2505 2502 2466 2540 2505 2504 2540 2538 2505 2514 2479 2506 2297 2229 2299 2269 2232 2202 2298 2269 2228 2301 2232 2269 2131 2073 2157 2090 2054 2131 2229 2266 2299 2157 2229 2228 2157 2200 2229 2051 2128 2129 2129 2128 2200 2419 2363 2420 2231 2160 2232 2297 2299 2363 2228 2297 2298 2228 2229 2297 2201 2246 2268 2268 2332 2331 2128 2201 2200 2052 2128 2051 2130 2201 2128 2052 2130 2128 2052 2094 2130 2331 2365 2299 2315 2332 2268 2246 2315 2268 2351 2379 2315 2351 2411 2379 2455 2465 2422 2411 2455 2422 2456 2496 2455 2455 2496 2465 2413 2456 2412 2457 2496 2456 2354 2356 2414 2498 2534 2497 2533 2534 2564 2457 2497 2496 2457 2458 2497 2496 2533 2527 2301 2276 2232 2364 2301 2298 2364 2394 2338 2417 2416 2359 2459 2458 2415 2218 2217 2146 2148 2219 2147 2289 2354 2355 2219 2289 2218 2290 2354 2289 1918 1814 1919 2013 1985 1921 1701 1582 1584 1814 1701 1699 1702 1582 1701 1645 1650 1525 1971 2062 2061 1860 1766 1767 1874 1860 1875 1874 1766 1860 1972 1874 1973 1872 1871 1762 1972 1872 1874 1972 1971 1872 1647 1651 1762 1651 1528 1652 2130 2175 2201 2011 2094 2052 2095 2175 2094 2061 2095 2044 2143 2175 2095 2061 2144 2143 1972 2062 1971 1871 1872 1971 1973 2063 1972 2063 2146 2145 2216 2286 2215 2144 2216 2215 2061 2062 2144 2095 2061 2143 1970 1971 2061 1969 1970 2061 1969 1870 1970 2062 2063 2145 2288 2353 2352 2351 2287 2352 2217 2218 2288 2222 2220 2149 2150 2221 2149 2291 2220 2222 2358 2357 2291 2416 2358 2359 2416 2357 2358 2290 2220 2291 2353 2288 2289 2219 2220 2290 2289 2219 2290 2218 2147 2219 2145 2144 2062 2217 2145 2146 2216 2144 2145 2065 2055 2132 1770 1769 1655 2048 1976 1962 1876 1769 1877 1974 1875 1975 1768 1769 1876 1875 1768 1876 1653 1529 1654 1652 1653 1767 1765 1651 1766 1528 1530 1652 1654 1769 1768 1653 1654 1768 1529 1531 1654 2152 2153 2225 2224 2152 2225 2151 2068 2152 2151 2067 2068 2221 2222 2149 2292 2221 2223 2292 2291 2221 2124 2067 2150 1773 1772 1659 1881 1773 1774 1882 1880 1773 1978 1880 1979 1978 1977 1879 2235 2164 2163 2304 2236 2303 2225 2164 2236 2460 2416 2461 2499 2460 2500 2536 2535 2500 2498 2458 2499 2459 2415 2416 2499 2459 2460 2499 2458 2459 2414 2415 2458 2457 2414 2458 2413 2355 2414 2356 2290 2357 2415 2356 2357 2354 2290 2356 2556 2525 2542 2470 2469 2507 2501 2470 2507 2501 2461 2462 2462 2417 2418 2460 2461 2500 2416 2417 2461 2360 2359 2293 2361 2360 2294 2295 2361 2294 2304 2369 2361 2417 2359 2360 2425 2462 2418 2501 2500 2461 2469 2471 2507 2333 2303 2270 2370 2426 2424 2305 2370 2333 2371 2426 2370 2306 2371 2308 2238 2306 2308 2238 2307 2306 2427 2426 2371 2469 2470 2425 2371 2306 2372 2556 2571 2541 2525 2556 2541 2542 2543 2572 2472 2509 2508 2556 2542 2572 2598 2610 2594 2609 2606 2592 2566 2536 2567 2587 2566 2588 2535 2536 2566 2565 2535 2566 2534 2498 2535 2610 2595 2594 2611 2610 2598 2616 2609 2610 2490 2507 2471 2525 2490 2508 2525 2507 2490 2542 2525 2508 2541 2507 2525 2567 2541 2571 2567 2536 2537 2588 2566 2589 2537 2501 2507 2567 2537 2541 2536 2500 2537 2544 2512 2511 2521 2544 2511 2573 2545 2544 2574 2545 2573 2595 2574 2594 2572 2571 2556 2595 2592 2574 2595 2609 2592 2473 2472 2428 2355 2354 2414 2353 2355 2413 2353 2289 2355 2411 2352 2412 2288 2218 2289 2575 2569 2590 2608 2596 2590 2576 2548 2547 2547 2548 2515 2514 2547 2515 2575 2576 2547 1870 1871 1970 1970 1871 1971 1869 1870 1969 1957 1873 1969 1764 1650 1760 1761 1646 1647 1869 1760 1870 1760 1646 1761 1762 1765 1872 1647 1762 1761 1522 1526 1647 1527 1402 1528 1646 1522 1647 1403 1402 1526 1765 1766 1874 1405 1530 1528 1861 1771 1772 1879 1861 1880 1879 1771 1861 1962 1878 1977 1770 1877 1769 1977 1878 1879 1962 1877 1878 1976 1876 1877 1533 1408 1409 1655 1531 1532 1529 1407 1531 1407 1529 1406 1407 1408 1531 1767 1766 1652 1768 1767 1653 1768 1875 1767 1975 1875 1876 1973 1874 1875 1974 1973 1875 2065 1974 1975 2064 2063 1973 2065 2064 1974 2065 2147 2064 2063 2062 1972 2576 2575 2597 1533 1409 1534 1658 1533 1534 1656 1657 1532 2591 2570 2587 2607 2591 2604 2602 2608 2614 2590 2591 2607 2590 2568 2581 2608 2590 2607 2614 2608 2607 2602 2597 2608 2581 2568 2557 2569 2568 2590 2569 2539 2568 2571 2589 2567 2596 2597 2575 2590 2596 2575 2608 2597 2596 2557 2538 2540 2570 2557 2540 2570 2581 2557 379 380 307 461 380 379 399 462 379 545 463 461 553 479 557 632 553 640 632 544 553 479 476 401 476 462 399 401 476 399 553 544 476 833 942 851 730 736 833 633 631 729 632 640 730 743 844 833 545 461 544 461 379 462 476 479 553 559 648 644 741 647 645 740 741 645 787 686 741 686 648 647 463 545 546 463 380 461 401 403 479 480 557 479 481 480 403 558 645 559 560 558 481 645 647 559 958 942 1055 1069 958 1055 850 851 958 849 850 957 851 942 958 752 851 850 752 833 851 633 729 656 568 633 656 546 545 633 729 833 752 644 648 736 648 686 742 631 633 545 544 631 545 730 729 631 646 558 560 633 568 546 751 656 752 655 568 656 481 558 480 751 849 750 656 751 655 752 850 751 661 646 574 581 673 661 557 640 553 743 736 648 544 462 476 631 544 632 461 462 544 557 644 640 403 480 479 559 647 648 480 559 557 480 558 559 844 842 952 942 844 952 743 742 844 557 559 644 742 842 844 648 742 743 686 788 742 849 780 750 655 751 750 957 898 879 581 674 673 898 997 904 879 898 904 849 879 780 849 957 879 957 1069 998 876 789 778 770 673 674 1455 1456 1579 1331 1364 1453 1201 1331 1234 1240 1265 1364 1201 1240 1331 1201 1126 1240 1364 1387 1483 1333 1331 1453 1265 1387 1364 753 740 661 852 753 769 841 740 753 841 787 741 770 789 868 1687 1566 1565 1686 1698 1800 1801 1688 1800 1564 1441 1454 1689 1568 1688 1455 1454 1332 1565 1566 1442 1568 1565 1443 1568 1687 1565 953 950 843 1061 953 949 1066 1064 953 1188 1064 1189 1065 1063 1187 1179 1065 1187 952 842 951 842 843 950 971 972 867 1201 1234 1120 1125 1240 1126 1125 1239 1240 971 867 868 972 960 867 1120 1080 1015 1079 1120 1015 1234 1333 1203 1062 1061 949 959 1062 949 852 959 949 852 960 959 1117 1202 1232 1185 1117 1232 1080 1120 1203 1012 1080 1117 1012 972 1080 1189 1185 1316 1188 1189 1320 1064 1066 1189 1012 960 972 1066 1061 1185 1189 1066 1185 1064 950 953 1062 960 1012 1066 953 1061 841 852 949 852 769 866 753 852 841 1080 1203 1202 1331 1333 1234 1358 1454 1441 1232 1202 1332 1185 1232 1316 1185 1062 1117 1332 1333 1455 1202 1117 1080 1358 1232 1332 1117 1062 1012 1120 1234 1203 1453 1577 1456 1579 1639 1578 1813 1906 1800 788 686 787 887 788 787 843 742 788 661 574 581 769 753 673 740 646 661 879 878 780 876 778 793 893 876 793 868 888 971 770 868 867 789 888 868 850 958 957 1514 1472 1471 998 997 898 1179 1225 1106 1055 1179 1069 1351 1471 1352 1311 1351 1225 1187 1311 1179 1437 1560 1471 1187 1186 1318 1443 1319 1444 1318 1317 1442 1311 1318 1437 1311 1187 1318 1186 1063 1188 1311 1437 1351 1104 997 998 1596 1679 1557 1112 1053 1006 1309 1177 1223 1247 1309 1223 1104 1133 1223 1103 1104 1223 1112 1103 1223 1112 1006 1103 998 1106 1105 1352 1472 1372 1308 1177 1309 1372 1472 1435 1309 1372 1435 1247 1352 1372 1436 1310 1308 1554 1436 1558 1676 1554 1558 1680 1676 1558 1677 1555 1676 1555 1433 1554 1260 1178 1177 1308 1260 1177 1310 1178 1260 1433 1310 1436 1306 1178 1310 1107 1053 1177 1103 1006 997 1177 1112 1223 1177 1053 1112 841 949 887 1318 1442 1437 1803 1796 1755 1796 1682 1687 1755 1796 1687 1689 1755 1687 1689 1803 1755 1801 1802 1689 1902 1827 1796 1826 1793 1712 1133 1105 1224 1247 1133 1224 1247 1223 1133 1595 1471 1560 1514 1596 1472 1595 1514 1471 1595 1596 1514 902 894 905 1003 902 905 994 893 902 902 893 894 1100 1019 994 1110 1100 1002 1125 1019 1100 980 893 994 1126 1079 1019 1240 1364 1331 867 769 770 789 687 778 789 770 687 980 888 876 1062 1185 1061 1015 1080 972 1332 1203 1333 1358 1332 1454 1358 1316 1232 866 867 960 852 866 960 769 867 866 971 980 1079 876 888 789 980 1019 1079 769 673 770 793 894 893 16 12 6 1278 1406 1277 1406 1404 1276 1275 1404 1405 1402 1273 1275 1410 1280 1282 1273 1403 1274 1403 1399 1274 1275 1144 1145 1403 1273 1402 1274 1143 1273 1270 1271 1140 1271 1397 1269 36 59 46 30 36 46 44 37 60 18 29 36 18 19 29 1142 1272 1207 910 1023 1025 1248 1373 1272 1207 1102 1084 976 897 872 1023 1134 1025 1084 1102 996 591 500 592 690 591 693 690 691 588 1145 1144 1027 1028 1147 1146 913 1028 1027 1029 1147 1028 1275 1273 1144 1276 1275 1145 1276 1404 1275 1406 1276 1277 1405 1402 1275 1269 1397 1373 1272 1142 1248 1141 1140 1271 801 695 698 913 801 914 1028 913 914 915 912 802 1027 915 913 1027 1026 915 802 697 801 800 799 694 912 800 802 911 799 800 1026 1014 912 1024 1023 909 1014 1024 911 912 1014 911 1026 1143 1119 1141 1139 1024 595 502 503 697 593 695 801 697 695 696 593 697 594 592 501 696 594 593 696 694 594 1271 1270 1398 1397 1271 1398 1269 1141 1271 1084 1142 1207 976 1084 996 976 1025 1084 1150 1151 1280 14 8 5 24 14 11 24 21 14 467 539 456 563 651 627 543 630 563 487 543 460 566 629 543 543 629 630 487 566 543 408 487 460 378 408 460 385 464 408 654 655 750 488 567 487 488 568 567 487 567 566 682 780 779 566 654 629 750 780 682 981 1053 940 541 458 538 626 541 538 600 506 541 1284 1414 1413 1034 1154 1033 807 726 829 920 807 829 806 701 702 1286 1176 1307 1285 1286 1415 1285 1154 1286 1034 1156 1154 1052 1176 1156 939 1052 1034 920 939 1034 937 1050 939 1050 1174 1052 1285 1414 1284 1156 1286 1154 1415 1414 1285 458 455 538 507 506 600 455 373 396 506 421 458 304 262 230 376 304 303 339 262 304 424 420 343 506 424 422 507 505 424 70 60 47 162 187 128 261 262 339 187 165 118 261 184 262 191 192 125 261 191 184 261 192 191 65 62 43 123 114 70 71 123 70 126 183 123 125 126 73 193 183 126 58 66 112 36 58 59 66 113 112 31 47 37 114 113 60 125 192 126 181 182 258 41 33 54 27 41 42 25 33 41 90 86 128 51 74 75 127 194 140 51 72 74 266 264 341 124 190 127 74 124 127 72 117 124 186 264 190 251 263 185 263 329 340 1143 1144 1273 1270 1143 1274 1119 1024 1014 1026 1119 1014 1140 1024 1119 1270 1140 1143 1399 1270 1274 1399 1398 1270 1141 1024 1140 65 43 51 118 65 75 119 115 65 50 48 40 71 47 48 73 123 71 114 60 70 60 37 47 44 36 29 37 44 29 66 58 44 19 21 37 44 58 36 60 66 44 60 113 66 1 5 8 26 32 28 24 11 15 40 24 26 31 21 24 48 47 31 40 48 31 50 71 48 43 62 40 71 70 47 73 71 50 73 126 123 14 5 11 21 8 14 37 21 31 19 8 21 19 18 7 13 5 9 26 15 27 31 24 40 24 15 26 4 11 5 13 4 5 2 0 3 12 15 11 12 25 15 30 17 18 53 45 46 35 17 30 109 56 57 56 55 34 35 56 34 109 108 56 110 109 57 67 110 57 177 176 110 175 174 108 61 39 38 34 17 35 34 20 17 57 56 35 38 39 22 55 38 34 55 61 38 22 9 20 3 12 11 27 25 41 26 27 32 15 25 27 3 0 6 4 3 11 4 2 3 3 6 12 1146 1147 1277 1145 1146 1276 1145 1027 1146 1026 912 915 1143 1026 1144 1143 1140 1119 916 803 917 1028 914 1029 801 803 914 1144 1026 1027 1283 1284 1413 1281 1283 1412 1281 1153 1283 595 596 695 593 595 695 593 502 595 267 192 261 503 502 417 504 503 419 420 504 418 597 596 504 596 595 503 336 416 334 337 336 259 489 502 501 337 417 336 419 418 504 337 419 417 337 418 419 343 338 268 342 343 267 422 342 339 422 424 342 421 422 339 376 421 339 376 458 421 506 507 424 421 506 422 458 541 506 420 338 343 505 504 420 267 268 192 339 267 261 343 268 267 418 338 420 337 260 338 416 336 417 260 268 338 259 260 337 259 183 260 258 259 336 334 258 336 256 181 258 183 193 260 507 600 601 598 505 599 424 343 342 974 871 870 353 352 277 350 353 278 436 352 353 515 436 431 515 519 435 435 519 517 352 435 434 436 515 435 692 774 677 767 813 864 768 767 864 672 671 767 517 609 580 709 813 767 609 709 671 676 771 773 608 692 677 773 871 813 676 773 709 771 871 773 973 870 869 926 864 813 475 540 457 580 518 517 610 540 518 275 206 202 277 205 204 354 279 352 434 354 352 326 300 354 300 224 279 136 84 100 205 137 204 278 277 204 153 154 205 224 153 205 224 155 153 154 94 101 205 154 137 153 155 94 593 594 501 802 696 697 802 800 696 693 591 592 414 332 333 498 412 499 413 332 412 178 257 179 334 333 256 332 257 255 498 413 412 335 257 332 501 502 593 500 501 592 489 417 502 416 489 501 416 417 489 415 416 500 334 256 258 258 182 259 193 192 268 260 193 268 183 114 123 973 1081 975 974 870 975 869 897 973 872 897 869 774 872 772 910 976 872 908 910 798 1248 1269 1373 1134 1248 1142 1134 1139 1248 1025 1134 1142 1084 1025 1142 976 910 1025 1023 1024 1139 996 1081 973 976 996 897 1102 1081 996 926 813 871 870 771 869 975 870 973 871 771 870 926 871 974 813 709 773 709 767 671 709 609 676 872 869 772 897 996 973 768 672 767 518 580 610 609 583 676 580 609 671 517 519 609 475 518 540 434 475 398 434 518 475 672 610 580 671 672 580 768 710 672 710 610 672 144 88 145 139 85 138 161 211 210 207 280 246 439 524 520 356 358 437 357 438 439 283 360 359 210 283 282 245 285 283 438 521 522 439 438 524 440 523 438 359 440 438 282 359 357 282 283 359 441 490 523 344 346 425 427 345 426 270 195 196 269 270 344 269 195 270 514 520 606 508 510 425 144 145 213 161 103 143 101 137 154 432 413 498 433 351 432 515 433 516 431 351 433 351 394 432 265 335 274 414 333 415 499 414 415 412 332 414 225 290 215 300 225 224 300 326 301 610 710 623 608 515 516 398 354 434 375 326 398 300 279 354 301 225 300 367 301 375 367 290 301 224 205 279 136 137 84 798 872 774 623 534 540 326 375 301 354 398 326 436 435 352 517 518 434 475 457 398 623 540 610 457 375 398 534 457 540 534 450 457 375 457 450 367 375 450 4 13 10 290 225 301 225 215 155 94 155 145 155 224 225 145 155 215 94 154 153 88 94 145 101 84 137 88 101 94 88 143 101 142 141 87 275 200 276 321 274 335 394 321 335 413 394 335 413 432 394 332 413 335 498 516 432 248 200 199 351 276 321 206 204 139 350 278 275 351 350 276 431 353 350 431 436 353 248 276 200 274 248 199 321 276 248 519 583 609 434 435 517 576 583 519 515 576 519 515 608 576 433 515 431 433 432 516 350 351 431 321 394 351 590 589 692 498 590 516 498 589 590 608 583 576 590 608 516 499 500 591 772 869 771 677 772 676 677 774 772 583 677 676 583 608 677 692 798 774 798 910 872 676 772 771 277 279 205 353 277 278 352 279 277 134 138 91 133 134 82 202 138 134 281 356 280 208 281 207 141 208 207 209 281 208 142 209 141 282 281 209 282 357 281 188 129 121 265 188 189 157 129 188 133 82 96 201 133 157 199 200 133 82 102 96 122 121 68 83 135 122 59 83 69 59 111 83 189 121 122 13 23 10 2 4 10 22 39 23 9 22 13 9 7 20 181 180 113 414 499 412 69 122 68 203 189 135 335 265 257 274 201 265 201 157 188 265 201 188 133 200 134 274 199 201 274 321 248 344 425 426 269 331 254 195 269 254 344 426 345 511 427 426 496 411 427 197 196 131 132 197 131 272 271 197 344 270 346 131 130 77 346 270 271 177 120 130 67 120 110 35 45 57 79 52 77 120 79 77 53 80 79 57 45 67 80 76 52 68 80 53 68 121 80 347 429 428 271 272 347 273 291 349 272 273 348 429 347 348 271 196 197 198 132 156 272 198 273 197 132 198 130 131 196 195 130 196 120 77 130 77 78 131 67 79 120 78 132 131 52 78 77 52 81 78 67 53 79 99 81 129 102 99 96 98 95 99 78 81 95 76 129 81 79 80 52 121 129 76 218 156 147 78 95 132 99 129 96 355 356 437 430 355 437 207 217 148 607 606 708 602 607 705 513 606 607 429 513 508 429 430 514 355 280 356 349 355 430 292 216 217 291 292 355 291 216 292 358 357 439 437 358 439 356 281 358 604 704 707 513 602 508 705 704 602 181 113 114 182 181 114 183 182 114 183 259 182 112 111 58 180 112 113 180 178 112 256 180 181 256 255 178 333 255 256 415 333 334 416 415 334 500 499 415 332 255 333 178 179 111 256 178 180 255 257 178 178 111 112 203 179 257 265 203 257 265 189 203 83 122 69 203 135 179 189 122 135 59 58 111 179 135 111 76 81 52 189 188 121 218 273 198 95 156 132 292 280 355 292 217 246 147 216 218 147 146 216 156 98 147 198 156 218 95 98 156 89 146 147 164 148 105 280 292 246 148 138 105 146 91 148 216 146 217 89 91 146 89 102 91 135 83 111 46 69 68 46 59 69 53 46 68 29 19 37 30 18 36 1 9 5 7 1 8 7 9 1 17 7 18 17 20 7 19 7 8 38 22 20 22 23 13 20 34 38 177 254 176 197 198 272 176 175 109 110 176 109 254 253 176 195 254 177 130 195 177 196 271 270 331 253 254 345 427 411 331 345 411 269 344 345 330 252 253 45 30 46 67 45 53 35 30 45 55 107 61 121 76 80 108 107 55 56 108 55 109 175 108 177 110 120 174 175 252 174 107 108 98 89 147 81 99 95 102 89 98 99 102 98 157 96 129 157 133 96 102 134 91 201 199 133 200 202 134 208 141 209 280 207 281 246 217 207 164 105 141 207 164 141 207 148 164 146 148 217 91 138 148 102 82 134 202 139 138 100 84 103 105 100 87 136 204 137 85 136 100 139 204 136 206 278 204 202 206 139 275 278 206 200 275 202 276 350 275 87 141 105 85 100 105 138 85 105 139 136 85 103 101 143 347 272 348 425 347 428 346 271 347 510 509 425 812 811 707 808 812 707 809 923 922 1037 1160 1121 925 924 812 496 587 497 253 252 175 176 253 175 331 330 253 213 250 214 330 331 411 325 289 365 212 285 245 289 284 214 288 289 214 325 284 289 325 397 361 447 397 365 361 285 284 496 497 410 411 496 410 330 411 410 331 269 345 427 511 512 214 250 288 365 289 288 144 213 214 212 144 214 284 212 214 245 211 212 143 88 144 407 397 447 485 407 486 485 442 407 407 447 486 361 397 442 325 365 397 486 564 485 492 485 564 571 492 572 571 525 492 582 571 572 658 582 584 666 759 715 658 666 715 658 584 666 443 490 441 525 443 442 525 527 443 666 665 759 284 285 212 441 360 362 212 143 144 360 283 285 103 87 100 101 103 84 161 142 103 211 161 143 212 211 143 245 283 211 142 87 103 210 142 161 210 209 142 283 210 211 282 209 210 666 578 665 511 426 509 605 511 603 605 512 511 662 587 689 512 496 427 587 512 605 587 496 512 689 587 605 575 497 587 999 899 985 785 884 818 785 783 884 758 856 816 664 758 713 616 664 713 577 615 664 818 930 855 1092 985 1090 1213 1092 1090 899 884 882 930 899 999 930 884 899 855 930 856 758 855 856 758 818 855 899 882 985 1092 999 985 1043 1092 1168 1043 999 1092 1072 1043 1136 963 856 930 964 963 1043 964 856 963 1043 1168 1136 1168 1092 1213 930 999 1043 1298 1168 1213 1250 1136 1168 1375 1250 1298 1251 1136 1250 1422 1293 1376 1163 1136 1251 1096 990 1041 928 815 816 1041 990 928 1293 1164 1163 1219 1296 1167 1096 1219 1097 1096 1164 1219 889 790 890 712 815 711 713 712 613 713 816 712 613 712 711 577 664 616 816 815 712 758 816 713 856 964 928 884 930 818 1072 1163 1041 1043 1072 964 1136 1163 1072 889 791 790 1168 1298 1250 1386 1264 1375 662 663 575 1086 978 1042 1160 1086 1166 1037 978 1086 776 714 817 1164 1041 1163 1219 1164 1294 1096 1041 1164 1296 1219 1294 991 889 990 1097 991 1096 1042 1097 1167 1042 991 1097 929 889 991 790 711 815 890 790 815 791 711 790 929 817 889 680 611 614 714 680 614 776 708 680 606 611 708 520 524 611 606 520 611 705 607 708 291 273 218 216 291 218 349 348 273 355 349 291 430 348 349 520 514 437 429 348 430 514 513 429 437 514 430 606 513 514 347 425 346 508 428 429 508 425 428 358 281 357 759 665 684 783 882 884 442 443 362 527 577 526 615 527 525 615 577 527 658 615 571 658 715 615 818 715 759 757 758 664 715 757 664 818 758 757 785 818 759 684 785 759 684 783 785 964 1072 1041 928 964 1041 815 928 890 816 856 928 963 930 1043 523 521 438 441 523 440 526 577 616 490 526 569 490 443 526 715 818 757 613 521 523 713 613 616 612 521 613 711 612 613 711 614 612 615 715 664 582 658 571 584 578 666 569 616 613 523 569 613 523 490 569 362 443 441 526 616 569 874 978 923 810 874 923 776 817 874 611 680 708 817 929 874 791 817 714 711 791 714 889 817 791 929 978 874 714 614 711 438 357 359 522 524 438 612 522 521 614 611 522 520 437 439 492 564 572 615 525 571 442 397 407 525 442 485 492 525 485 527 526 443 361 284 325 362 361 442 362 285 361 756 663 662 1264 1386 1376 1250 1264 1251 1250 1375 1264 605 603 689 604 602 704 360 441 440 359 360 440 285 362 360 1121 1160 1235 1035 1121 1158 1035 921 1016 810 705 708 808 809 922 704 705 809 1086 1042 1166 809 810 923 602 513 607 614 522 612 776 680 714 611 524 522 929 1042 978 1423 1294 1422 1546 1424 1545 1296 1294 1423 1424 1425 1297 1423 1424 1296 1546 1425 1424 1667 1668 1545 1781 1782 1669 991 1042 929 1424 1297 1296 1419 1360 1290 1166 1165 1295 1425 1543 1419 990 890 928 991 990 1096 889 890 990 1251 1293 1163 1375 1493 1386 1494 1545 1422 1376 1494 1422 1495 1614 1616 1982 1887 1984 1777 1886 1885 1777 1665 1778 1418 1478 1542 1668 1667 1781 1422 1545 1423 1293 1422 1294 1164 1293 1294 1251 1376 1293 1376 1495 1494 1782 1887 1778 1669 1782 1778 1543 1547 1665 1668 1781 1669 1547 1668 1669 1546 1545 1668 1889 1890 1983 1781 1889 1782 1781 1780 1889 1547 1425 1546 1665 1547 1669 1543 1425 1547 1667 1780 1781 1494 1616 1545 1859 1891 1890 1780 1859 1890 1780 1783 1859 1487 1369 1488 1011 1070 1116 1360 1235 1290 1540 1644 1520 1416 1540 1417 1287 1416 1417 1288 1287 1417 1158 1289 1287 1289 1418 1416 1541 1642 1663 921 925 812 922 921 808 1035 1036 921 1287 1288 1157 1036 1159 1038 1158 1157 1035 1288 1268 1159 1545 1424 1423 1668 1547 1546 1777 1753 1664 1478 1360 1419 1542 1478 1543 1665 1664 1543 1642 1541 1542 1418 1360 1478 1297 1419 1295 2003 1909 1961 2003 1935 1909 2047 2003 1961 2024 1935 2003 2170 2185 2106 2026 1942 1938 1836 1835 1935 1956 1967 2043 1777 1885 1858 1753 1777 1858 1754 1753 1858 1642 1664 1753 1758 1754 1858 1541 1418 1542 1778 1887 1886 1777 1778 1886 1665 1669 1778 1982 1984 2059 1967 1982 2059 1886 1887 1982 1885 1886 1982 795 811 907 754 795 755 662 754 755 662 689 754 689 706 795 924 811 812 1022 924 1038 907 811 924 854 795 907 575 587 662 706 707 811 603 706 689 603 604 706 707 704 808 795 706 811 510 508 602 604 510 602 706 604 707 603 510 604 509 426 425 603 509 510 603 511 509 854 907 962 662 755 756 754 689 795 1396 1446 1322 1268 1396 1322 1288 1417 1396 1289 1416 1287 1416 1541 1540 1520 1571 1446 1540 1520 1417 1644 1571 1520 1663 1644 1540 1541 1663 1540 1754 1758 1663 1642 1754 1663 1642 1753 1754 1758 1759 1644 1570 1690 1600 1038 924 925 962 907 1022 1071 962 1022 961 853 854 853 756 755 810 809 705 776 810 708 776 874 810 1037 923 978 809 808 704 1037 922 923 1016 1121 1035 922 1016 921 922 1037 1016 1231 1191 1321 1357 1231 1321 1230 1116 1231 961 1070 1011 1071 1138 1192 854 755 795 961 854 962 853 755 854 1191 1192 1321 1116 1191 1231 1071 1022 1138 1070 1071 1191 1070 962 1071 1071 1192 1191 1038 1138 1022 907 924 1022 925 921 1036 1036 1035 1157 1288 1159 1157 1038 925 1036 1037 1121 1016 1520 1446 1396 812 808 921 1416 1418 1541 1235 1289 1158 1121 1235 1158 1160 1290 1235 1360 1418 1289 1235 1360 1289 1166 1290 1160 1037 1086 1160 1042 1167 1165 1297 1167 1296 1419 1297 1425 1295 1167 1297 1295 1165 1167 1290 1295 1419 1290 1166 1295 1166 1042 1165 1167 1097 1219 1691 1644 1759 1070 961 962 1606 1484 1508 1737 1721 1625 1548 1426 1484 1721 1670 1606 1493 1426 1548 1615 1493 1548 1614 1495 1493 2106 2026 2024 2106 2107 2026 2088 2106 2024 2088 2170 2106 2185 2186 2107 1758 1644 1663 1867 1967 1956 1758 1867 1862 1885 1967 1867 1644 1691 1571 1717 1600 1690 1498 1487 1609 1369 1368 1243 1231 1357 1356 1487 1368 1369 1116 1115 1011 1191 1116 1070 1230 1115 1116 1935 1831 1909 1938 1836 1935 1839 1733 1730 1942 1941 1839 1943 1841 1842 1729 1836 1840 1842 1732 1733 1618 1516 1633 1725 1609 1724 1728 1783 1780 1667 1728 1780 1615 1548 1670 1728 1615 1670 1614 1493 1615 1386 1493 1495 1670 1721 1783 1614 1615 1728 1548 1606 1670 1625 1606 1508 1722 1607 1608 1722 1737 1625 1818 1819 1704 1834 1833 1723 1819 1923 1924 1704 1819 1723 1818 1923 1819 2015 2075 1987 1937 2015 1987 1891 1937 1987 1845 1833 1937 1924 2014 2015 1419 1543 1478 1606 1548 1484 1728 1616 1614 1493 1375 1426 1376 1386 1495 1376 1251 1264 1508 1607 1625 1704 1723 1608 1723 1819 1834 1923 1818 1864 2019 1928 1953 1834 1819 1924 1864 1928 1958 1958 2045 2014 2039 2019 1953 2039 2101 2019 1923 1958 2014 1983 1890 1986 1887 1983 1984 1887 1782 1889 1859 1783 1891 1722 1625 1607 1723 1722 1608 1723 1833 1722 1833 1737 1722 1937 1833 1834 1845 1737 1833 1924 1937 1834 1891 1783 1845 1721 1606 1625 1783 1721 1737 1783 1728 1670 1845 1783 1737 1616 1667 1545 1495 1616 1494 1728 1667 1616 1610 1609 1488 1600 1610 1488 1724 1609 1610 1935 1835 1831 1725 1617 1609 1835 1725 1724 1831 1835 1724 1836 1725 1835 1836 1729 1725 1633 1617 1725 1729 1633 1725 1729 1618 1633 1383 1377 1497 1380 1256 1254 1498 1496 1378 1377 1256 1380 1501 1383 1497 1252 1256 1377 1368 1379 1262 1131 1230 1243 1487 1379 1368 1609 1487 1488 1378 1253 1379 1610 1717 1724 2043 2058 2060 2003 2088 2024 1805 1908 1909 1831 1805 1909 1804 1908 1805 2047 2123 2088 1968 2047 1961 1968 2060 2047 1498 1609 1617 1496 1498 1617 1378 1379 1498 1230 1131 1115 1356 1230 1231 1357 1475 1356 1445 1357 1321 1445 1476 1357 1369 1243 1356 1243 1244 1131 1356 1243 1230 1368 1244 1243 2398 2349 2407 2453 2409 2446 2350 2284 2342 2214 2284 2285 2170 2214 2185 2107 2106 2185 2123 2142 2170 2141 2060 2133 2214 2142 2213 2123 2060 2142 2214 2170 2142 1862 1759 1758 1858 1867 1758 1968 1908 1868 2088 2003 2047 1961 1908 1968 1476 1570 1600 1570 1571 1691 1690 1570 1691 1476 1445 1570 1445 1446 1570 1475 1357 1476 1322 1446 1445 1192 1322 1321 1192 1268 1322 1287 1157 1158 1520 1396 1417 1159 1138 1038 1157 1159 1036 1268 1138 1159 1396 1268 1288 1192 1138 1268 1908 1961 1909 1759 1868 1804 1868 1862 1956 1804 1868 1908 1759 1862 1868 1858 1885 1867 1475 1600 1488 1322 1445 1321 1446 1571 1570 1804 1690 1691 1759 1804 1691 1805 1831 1717 1804 1805 1690 2024 2026 1938 1717 1610 1600 1805 1717 1690 1831 1724 1717 1664 1542 1543 1777 1664 1665 1642 1542 1664 2283 2282 2348 2214 2213 2284 2141 2140 2212 2212 2140 2204 2141 2133 2140 2142 2141 2213 2142 2060 2141 2047 2060 2123 2058 1967 2059 2060 2058 2133 2043 1967 2058 1968 2043 2060 1956 1862 1867 1968 1956 2043 1968 1868 1956 2058 2140 2133 1937 1891 1845 1924 2015 1937 2075 2155 2074 2227 2154 2155 2059 2140 2058 2071 2072 1984 2071 2154 2156 2135 2156 2204 1983 2071 1984 2155 2154 2071 2158 2155 2075 2096 2158 2075 2015 2096 2075 2045 2101 2096 2207 2248 2227 2176 2207 2158 2176 2248 2207 2271 2296 2334 2158 2227 2155 2248 2296 2227 2226 2296 2271 2039 1953 2040 2121 2119 2040 1958 2019 2045 1864 1958 1923 1928 2019 1958 2101 2045 2019 2120 2101 2039 2120 2176 2101 2176 2158 2096 2208 2273 2263 2283 2348 2349 2284 2283 2342 2212 2204 2271 2213 2212 2283 2213 2141 2212 2342 2283 2349 2212 2282 2283 2135 2204 2140 2226 2227 2296 2156 2226 2204 2154 2227 2226 2334 2347 2282 1986 1890 1891 2075 2074 1987 2071 1983 1986 2059 1984 2072 2135 2059 2072 2156 2135 2072 2071 2156 2072 2154 2226 2156 2140 2059 2135 1967 1885 1982 1890 1889 1780 1987 1986 1891 1983 1887 1889 2263 2273 2330 2195 2263 2264 2195 2197 2263 2296 2248 2316 2271 2204 2226 2282 2271 2334 2282 2212 2271 2074 2071 1986 1987 2074 1986 2155 2071 2074 2195 2264 2196 2120 2119 2196 2197 2208 2263 2227 2158 2207 2014 1924 1923 2096 2015 2014 2045 2096 2014 2347 2408 2407 2282 2347 2348 2334 2362 2347 2330 2273 2335 2381 2330 2335 2197 2195 2121 2381 2317 2330 2119 2120 2039 2040 2119 2039 2195 2196 2119 2247 2196 2264 2330 2317 2264 2248 2176 2247 2195 2119 2121 2176 2120 2196 2176 2096 2101 2263 2330 2264 2273 2208 2274 2434 2380 2381 2447 2434 2401 2433 2380 2434 2196 2247 2176 2336 2274 2337 1475 1488 1369 1356 1475 1369 1476 1600 1475 2392 2337 2393 2442 2393 2437 2391 2392 2401 2335 2273 2336 2517 2516 2481 2601 2599 2603 2531 2563 2554 2586 2585 2563 2577 2586 2563 2577 2597 2586 2088 2123 2170 2362 2334 2296 2433 2408 2380 2407 2349 2348 2452 2407 2408 2452 2446 2407 2480 2442 2437 2516 2480 2481 2516 2489 2480 2336 2273 2274 2392 2336 2337 2392 2391 2336 2391 2335 2336 2434 2391 2401 2434 2381 2391 2316 2248 2247 2317 2316 2247 2264 2317 2247 2381 2316 2317 2391 2381 2335 2380 2316 2381 2380 2408 2362 2452 2408 2433 2362 2296 2316 2380 2362 2316 2408 2347 2362 2392 2393 2442 2549 2577 2555 2517 2549 2516 2548 2577 2549 2524 2555 2531 2548 2576 2577 2553 2580 2579 1938 1840 1836 2024 1938 1935 1942 1840 1938 1253 1378 1254 1368 1262 1244 1498 1379 1487 1253 1262 1379 2585 2602 2603 2580 2563 2585 2599 2580 2585 2579 2560 2553 2560 2579 2583 2582 2560 2583 2601 2582 2583 2562 2559 2558 2529 2532 2560 2532 2495 2522 2553 2532 2522 2529 2495 2532 2586 2597 2602 1516 1617 1633 1377 1496 1497 1380 1378 1496 2599 2601 2583 2580 2599 2579 2585 2603 2599 2599 2583 2579 2613 2601 2603 2613 2600 2601 2611 2600 2613 2551 2561 2578 2406 2440 2386 2528 2530 2493 2551 2552 2521 2550 2551 2519 2518 2550 2520 2561 2551 2550 2530 2561 2550 2562 2584 2561 2561 2584 2578 2519 2520 2550 2487 2519 2521 2485 2443 2486 2487 2485 2519 2487 2445 2485 2558 2582 2562 2578 2552 2551 1378 1380 1254 2255 2183 2254 2322 2255 2324 2253 2182 2183 2322 2253 2255 2322 2259 2253 2113 2114 2189 2035 2034 1948 2189 2114 2190 2113 2034 2114 2103 2115 2035 2102 2103 2020 2102 2182 2103 1936 1934 2023 2025 1936 2023 2022 1932 1936 2343 2344 2402 2485 2486 2520 2443 2485 2445 2443 2445 2397 2485 2520 2519 2483 2486 2444 2518 2520 2486 2519 2551 2521 2444 2486 2443 2395 2444 2443 2396 2439 2444 2530 2559 2562 2518 2530 2550 2518 2493 2530 2396 2389 2439 2483 2444 2439 2440 2483 2439 2518 2486 2483 2395 2339 2396 2444 2395 2396 2443 2397 2395 2340 2395 2397 2339 2395 2340 2277 2339 2340 2389 2396 2339 2261 2328 2277 1377 1380 1496 2211 2278 2280 1377 1258 1252 1638 1733 1732 1621 1638 1619 1621 1733 1638 1497 1618 1501 1638 1732 1619 1618 1730 1621 1729 1840 1839 2029 1942 2026 2108 2111 2029 2107 2108 2026 2185 2256 2186 1944 1939 1841 2030 1944 1943 2029 2030 1943 2029 2110 2030 2027 1939 1944 1618 1621 1501 1516 1618 1497 1496 1516 1497 1496 1617 1516 1730 1733 1621 1729 1730 1618 1729 1839 1730 1842 1841 1732 2029 1943 1941 2031 2110 2112 1944 2031 2027 2030 2110 2031 1731 1726 1620 1841 1731 1732 1837 1726 1731 1619 1620 1499 1621 1619 1502 1732 1731 1619 2258 2210 2188 2257 2258 2187 2279 2210 2258 2109 2112 2137 2187 2108 2186 1089 1182 1057 1087 1089 984 1087 1182 1089 983 1087 984 1088 1211 1210 1991 2000 1905 2078 1991 1990 2079 2000 1991 1685 1673 1787 1798 1685 1799 1684 1562 1563 1904 1798 1799 1562 1440 1563 1623 1562 1684 1623 1506 1562 1313 1181 1182 1389 1266 1313 1388 1312 1266 1563 1551 1673 1684 1563 1685 1440 1551 1563 1439 1440 1562 1506 1389 1439 1505 1506 1623 1505 1389 1506 1313 1314 1439 1551 1492 1613 1339 1462 1440 1339 1338 1462 1359 1249 1233 1601 1492 1477 1338 1211 1302 1339 1210 1338 1439 1314 1440 1182 1087 1209 1302 1249 1374 1430 1302 1374 1171 1249 1302 1088 1171 1211 1047 1046 1171 983 1047 1088 934 933 1046 1432 1304 1431 1374 1359 1477 1374 1249 1359 1088 1047 1171 1171 1046 1135 1896 1895 1789 2138 2137 2209 2057 2056 2138 1896 1966 1992 1965 2056 1966 1866 1965 1966 1965 1940 2028 2028 2109 2056 1940 2027 2028 1838 1940 1922 1838 1939 1940 1731 1841 1837 1841 1943 1944 1837 1841 1939 1941 1943 1842 1839 1941 1842 1733 1839 1842 1840 1942 1839 1942 2029 1941 2109 2137 2056 2027 2109 2028 2112 2188 2137 2031 2112 2109 2110 2188 2112 1944 2030 2031 2186 2108 2107 2325 2257 2256 2187 2111 2108 2029 2111 2110 2029 2026 2108 1602 1719 1640 1392 1474 1355 1499 1381 1385 1383 1258 1377 1384 1383 1501 1384 1259 1383 2136 2189 2205 2205 2192 2136 2259 2205 2189 2262 2192 2205 2110 2111 2188 2584 2600 2598 2578 2584 2598 2562 2582 2584 2350 2410 2387 2367 2386 2324 2449 2451 2405 2440 2439 2386 2451 2440 2406 2484 2493 2518 2451 2484 2440 2451 2493 2484 2279 2278 2210 2344 2279 2327 2343 2278 2279 2453 2446 2488 2495 2453 2488 2554 2563 2580 2523 2554 2522 2531 2513 2524 2523 2531 2554 2494 2513 2531 2440 2484 2483 2405 2451 2406 2449 2450 2491 2529 2528 2492 2530 2562 2561 2529 2558 2528 2558 2560 2582 2528 2558 2559 2529 2560 2558 2325 2326 2257 2350 2325 2285 2387 2326 2325 2350 2387 2325 2441 2404 2388 2410 2441 2387 2410 2454 2441 2453 2410 2409 2388 2344 2327 2441 2388 2387 2404 2344 2388 2403 2405 2346 2404 2402 2344 2449 2405 2402 2441 2450 2404 2484 2518 2483 2491 2493 2451 2528 2559 2530 2388 2327 2326 2407 2348 2347 2434 2478 2433 2442 2447 2401 2392 2442 2401 2437 2481 2480 2477 2494 2452 2478 2477 2433 2513 2494 2477 2516 2524 2489 2555 2563 2531 2524 2549 2555 2489 2524 2513 2478 2489 2513 2447 2480 2489 2516 2549 2524 2442 2480 2447 2517 2548 2549 2577 2563 2555 2478 2447 2489 2477 2478 2513 2434 2447 2478 2597 2577 2576 2586 2602 2585 2488 2446 2452 2522 2495 2488 2523 2522 2488 2494 2523 2488 2494 2531 2523 2553 2560 2532 2554 2553 2522 2554 2580 2553 2600 2584 2582 2601 2600 2582 2611 2598 2600 2404 2449 2402 2452 2433 2477 2488 2452 2494 2446 2398 2407 2328 2261 2262 2189 2190 2259 2272 2205 2259 2136 2113 2189 2020 2021 1929 2022 2020 1933 2103 2182 2115 2021 2035 1948 1930 2021 1948 2103 2021 2020 2103 2035 2021 2190 2115 2182 2190 2114 2115 2114 2034 2035 1823 1829 1929 2105 2033 2084 1929 2021 1930 1823 1929 1930 1829 1933 1929 2492 2495 2529 2441 2454 2450 2453 2495 2454 2403 2345 2343 2402 2403 2343 2402 2405 2403 2491 2528 2493 2491 2492 2528 2449 2491 2451 2450 2492 2491 2404 2450 2449 2454 2492 2450 2454 2495 2492 2346 2367 2302 2403 2346 2345 2367 2323 2302 2406 2367 2346 2406 2386 2367 2389 2329 2385 2324 2323 2367 2405 2406 2346 2385 2329 2322 2439 2385 2386 2439 2389 2385 2253 2190 2182 2253 2259 2190 2386 2385 2324 2329 2272 2322 2324 2385 2322 2389 2339 2328 2262 2261 2192 2272 2262 2205 2322 2272 2259 2329 2262 2272 2328 2339 2277 2329 2328 2262 2329 2389 2328 2161 2162 2079 2302 2234 2233 2184 2162 2234 2183 2184 2254 2324 2255 2323 2102 2104 2183 2023 1934 1946 1999 2033 1946 2184 2105 2162 2104 2102 2022 2184 2104 2105 2184 2183 2104 1936 1932 1855 2025 2022 1936 2105 2025 2023 2105 2104 2025 2102 2020 2022 2182 2102 2183 2255 2253 2183 2115 2114 2035 1933 1932 2022 2211 2139 2138 2302 2233 2281 2346 2302 2281 2323 2254 2302 2254 2184 2234 2302 2254 2234 2323 2255 2254 1829 1715 1828 1966 1896 1866 2078 1990 2057 2161 2078 2139 1990 1991 1894 1895 1896 1992 1714 1750 1828 1502 1501 1621 1385 1502 1499 1384 1501 1502 1385 1384 1502 1500 1381 1499 1261 1384 1385 1259 1258 1383 1750 1714 1640 1832 1750 1719 1716 1830 1719 1832 1936 1855 1828 1715 1714 1832 1855 1750 1829 1823 1715 1932 1829 1828 1932 1933 1829 1933 2020 1929 1510 1627 1599 2161 2233 2234 1719 1602 1716 1627 1510 1626 1389 1388 1266 2256 2185 2214 2285 2256 2214 2350 2398 2409 2213 2283 2284 2349 2398 2342 2325 2256 2285 2258 2327 2279 2256 2257 2186 2326 2327 2257 2410 2453 2454 2350 2409 2410 2284 2350 2285 2342 2398 2350 2398 2446 2409 2210 2209 2137 2210 2278 2209 2258 2257 2327 2111 2187 2188 2186 2257 2187 2279 2344 2343 2188 2187 2258 2326 2387 2388 2280 2281 2211 2343 2280 2278 2343 2345 2280 2210 2137 2188 2206 2233 2161 2211 2206 2139 2211 2233 2206 2278 2211 2209 2281 2233 2211 2345 2281 2280 2345 2346 2281 2138 2056 2137 2211 2138 2209 2057 1992 1966 2139 2057 2138 2139 2078 2057 1990 1992 2057 2079 1991 2078 1894 1895 1990 2057 1966 2056 1673 1613 1718 2109 2027 2031 1965 2028 2056 1965 1922 1940 1838 1837 1939 2027 1940 1939 1922 1825 1817 1798 1904 1844 1735 1798 1844 1684 1685 1798 1797 1736 1844 1846 1797 1903 1846 1738 1797 1624 1736 1683 1624 1735 1736 1786 1894 1787 1905 2000 1999 1894 1905 1799 1787 1894 1799 1685 1787 1799 1673 1786 1787 1895 1992 1990 2084 2162 2105 2033 1999 2084 2023 2033 2105 2023 1946 2033 2000 2079 2084 1894 1991 1905 2079 2162 2084 1716 1602 1599 1683 1738 1626 1719 1750 1640 1739 1830 1716 1855 1932 1828 1750 1855 1828 1832 1934 1936 2022 2025 2104 1999 2000 2084 1903 1999 1946 1904 1905 1999 2161 2139 2206 2162 2161 2234 2079 2078 2161 1509 1510 1392 1561 1626 1509 1624 1683 1561 1623 1624 1505 1830 1846 1934 1623 1735 1624 1903 1946 1846 1904 1903 1844 1904 1999 1903 1735 1684 1798 1736 1735 1844 1623 1684 1735 1799 1905 1904 1830 1934 1832 1719 1830 1832 1739 1846 1830 1627 1739 1716 1846 1946 1934 1738 1846 1739 1738 1683 1797 1627 1738 1739 1599 1627 1716 1626 1738 1627 1797 1844 1903 1683 1736 1797 1209 1314 1182 1210 1209 1087 1210 1314 1209 1430 1462 1338 1440 1314 1339 1313 1182 1314 1389 1313 1439 1562 1506 1439 1505 1388 1389 1266 1181 1313 1056 1122 1180 1181 1057 1182 1210 1211 1338 1314 1210 1339 1087 1088 1210 1261 1259 1384 1261 1385 1263 1500 1499 1620 1611 1500 1620 1727 1612 1726 1489 1500 1611 1490 1489 1611 1245 1370 1337 1371 1382 1489 1245 1371 1370 1257 1382 1371 1257 1255 1382 1381 1263 1385 1382 1381 1500 1382 1255 1381 1817 1727 1838 1470 1585 1594 1727 1837 1838 1612 1727 1703 1726 1837 1727 1490 1461 1370 1612 1490 1611 1585 1461 1490 1594 1585 1703 1490 1370 1489 1470 1461 1585 1470 1350 1461 1620 1619 1731 1611 1620 1726 1499 1502 1619 1612 1585 1490 1726 1612 1611 1703 1585 1612 1817 1703 1727 1922 1817 1838 1825 1757 1711 1172 1173 1048 935 1013 933 826 935 845 936 1049 1048 1048 1049 1172 1118 1048 1173 935 936 1048 825 906 826 825 794 906 1222 1208 1337 1474 1354 1355 1184 1183 1060 1266 1312 1180 1315 1183 1184 1438 1315 1312 1504 1438 1388 1505 1504 1388 1561 1438 1504 1392 1355 1438 1229 1129 1183 1355 1229 1315 1355 1354 1229 1438 1355 1315 1505 1561 1504 1510 1474 1392 1354 1228 1229 1461 1350 1337 1228 1114 1229 1229 1114 1129 1113 1114 1008 1229 1183 1315 1113 1129 1114 1113 1183 1129 905 1007 1008 905 894 979 1561 1505 1624 1626 1561 1683 1509 1392 1438 1510 1509 1626 1509 1438 1561 1312 1388 1438 1184 1312 1315 1184 1180 1312 1180 1181 1266 894 793 875 681 777 778 778 777 793 834 840 739 731 834 737 837 946 943 948 1060 1059 1007 905 979 943 834 837 948 943 1056 1060 948 1056 947 895 948 840 834 943 477 465 547 478 477 554 400 465 477 402 400 478 328 327 400 379 320 327 320 307 247 468 471 549 328 400 402 466 465 383 322 392 384 393 472 466 547 554 477 552 639 634 551 638 552 393 470 472 550 548 635 551 550 637 469 548 550 639 734 731 638 639 552 638 734 639 477 478 400 634 554 547 552 634 547 731 641 634 641 555 554 837 734 735 934 824 823 1046 1047 934 1118 1046 1013 1135 1249 1171 1118 1135 1046 1118 1233 1135 880 824 934 881 836 781 984 881 983 984 944 881 781 732 683 782 683 721 880 782 824 781 836 732 880 781 782 880 881 781 549 548 468 537 549 471 636 548 549 550 551 470 732 733 635 638 551 637 315 239 238 468 469 388 471 468 390 454 471 391 537 624 549 548 469 468 389 313 388 470 393 389 469 470 389 551 472 470 393 392 319 549 624 636 372 296 371 454 372 371 454 391 372 535 537 454 390 315 316 471 390 391 468 388 390 371 295 369 452 371 369 535 452 451 535 454 452 295 293 369 296 295 371 296 221 295 297 296 372 238 297 316 222 296 297 222 151 221 340 329 409 341 340 423 294 341 370 264 340 341 264 263 340 688 586 678 688 585 586 845 744 826 491 535 451 368 405 451 650 657 570 562 650 570 483 562 491 649 650 562 744 845 745 649 744 650 649 722 744 495 409 494 561 649 562 536 561 483 625 649 561 294 266 341 368 294 370 453 405 370 369 293 368 451 369 368 451 452 369 293 219 294 823 824 721 823 933 934 687 681 778 660 674 581 834 731 734 739 643 737 839 739 840 738 681 660 839 738 739 839 777 738 947 875 839 687 674 660 641 731 737 581 574 573 547 466 472 232 166 233 380 308 307 381 464 385 380 381 308 380 463 381 392 393 466 384 392 466 322 319 392 240 171 241 310 240 243 310 233 240 309 247 233 383 309 384 382 320 309 247 232 233 227 169 159 239 313 236 228 226 160 237 228 170 237 302 228 657 745 721 570 491 562 624 570 657 535 491 570 454 371 452 471 454 537 391 316 372 453 370 423 536 453 495 536 483 453 625 536 585 405 368 370 483 405 453 483 451 405 625 561 536 491 451 483 372 316 297 293 294 368 625 723 722 896 873 977 995 896 977 1085 995 977 1101 1021 995 906 794 896 826 906 936 794 873 896 936 906 1021 1101 995 1085 739 737 834 660 643 738 687 660 681 573 643 660 573 493 556 581 573 660 573 556 643 493 574 560 642 643 556 641 642 556 737 643 642 573 574 493 555 478 554 556 555 641 556 478 555 737 642 641 482 404 478 493 482 556 493 560 482 560 481 482 481 404 482 723 625 688 403 402 404 328 401 399 465 400 382 402 403 328 404 402 478 556 482 478 481 403 404 403 401 328 327 399 379 382 327 320 328 399 327 383 465 382 309 383 382 384 466 383 688 678 775 794 688 775 723 825 722 794 723 688 794 825 723 873 794 775 1021 906 995 722 649 625 826 722 825 826 744 722 625 585 688 309 233 310 320 247 309 400 327 382 379 307 320 307 232 247 310 243 249 309 310 384 233 171 240 234 231 166 406 459 377 406 484 459 378 406 377 378 460 406 239 236 168 241 235 172 240 241 243 242 312 241 312 386 387 237 312 314 242 318 312 624 721 636 535 624 537 657 721 624 535 570 624 745 845 823 483 561 562 339 304 376 49 43 32 74 127 90 75 74 90 72 124 74 42 64 49 117 186 124 128 118 75 165 187 184 119 165 184 119 118 165 86 104 128 474 396 456 376 455 458 376 373 455 299 298 373 163 152 223 128 104 162 92 150 93 86 92 104 86 140 92 158 226 223 152 158 223 97 160 158 298 324 373 184 191 125 342 267 339 28 40 26 43 28 32 43 40 28 51 75 65 49 51 43 49 72 51 42 49 32 42 63 64 62 115 73 40 62 50 65 115 62 187 230 262 128 187 118 162 230 187 62 73 50 184 115 119 125 73 115 184 125 115 192 193 126 465 466 547 319 389 393 249 319 322 313 389 319 249 244 319 310 249 322 243 244 249 239 317 313 548 636 635 266 190 264 219 266 294 219 194 266 220 221 150 149 140 194 875 979 894 777 875 793 738 777 681 839 875 777 643 739 738 895 947 839 840 895 839 840 948 895 947 979 875 943 948 840 1058 1183 1113 948 1059 947 1060 1183 1059 1059 1058 947 1113 1008 1007 1181 1122 1057 1057 945 944 1089 1057 984 1122 1017 1057 1180 1122 1181 1017 946 945 1056 1017 1122 1056 946 1017 1057 1017 945 1184 1060 1180 947 1058 979 1180 1060 1056 1058 1113 1007 979 1058 1007 1059 1183 1058 837 838 946 470 469 550 683 782 781 551 552 472 733 835 735 635 733 637 732 836 835 636 683 635 735 835 838 639 731 634 735 734 638 733 735 638 838 837 735 837 834 734 1056 943 946 554 634 641 547 472 552 733 638 637 835 944 945 732 835 733 836 944 835 945 946 838 1021 1049 936 896 995 906 1137 1222 1267 1101 1137 1021 1101 1222 1137 1132 1208 1085 1137 1049 1021 1137 1172 1049 1208 1222 1101 1085 1208 1101 1132 1246 1245 1350 1470 1395 1172 1267 1303 1337 1370 1461 1246 1371 1245 1337 1350 1222 1381 1255 1263 1489 1382 1500 1489 1370 1371 1303 1304 1173 1519 1431 1395 1594 1519 1470 1552 1674 1553 1594 1643 1519 1711 1817 1825 1594 1711 1643 1594 1703 1711 1552 1643 1674 1431 1552 1432 1519 1643 1552 1171 1302 1211 1303 1431 1304 1462 1551 1440 1551 1613 1673 1685 1563 1673 1462 1430 1551 1430 1492 1551 1302 1430 1338 1374 1492 1430 1374 1477 1492 1432 1552 1553 1866 1825 1922 1895 1786 1789 1757 1825 1866 1788 1757 1866 1675 1674 1788 1552 1431 1519 1477 1432 1553 1359 1304 1432 1477 1359 1432 1643 1757 1674 1711 1703 1817 1477 1553 1601 1711 1757 1643 1965 1866 1922 1786 1895 1894 1718 1786 1673 1601 1718 1613 1492 1601 1613 1553 1674 1675 1789 1866 1896 1789 1788 1866 1718 1789 1786 1675 1788 1789 1601 1675 1718 1601 1553 1675 1674 1757 1788 1718 1675 1789 982 983 881 934 982 880 1047 983 982 983 1088 1087 881 880 982 944 836 881 1057 944 984 945 838 835 683 636 721 824 782 721 732 635 683 982 934 1047 1245 1337 1208 1132 1245 1208 1246 1257 1371 1048 1013 935 1048 1118 1013 1303 1173 1172 1267 1350 1395 1137 1267 1172 1222 1350 1267 1395 1431 1303 1267 1395 1303 1470 1519 1395 1233 1118 1173 1304 1233 1173 1304 1359 1233 1233 1249 1135 935 826 936 933 845 935 1046 933 1013 823 845 933 745 657 650 744 745 650 823 721 745 585 494 586 423 370 341 585 495 494 585 536 495 90 128 75 140 86 90 127 140 90 149 150 92 163 223 229 93 152 104 140 149 92 151 159 97 93 151 97 263 251 329 186 263 264 186 185 263 423 409 495 453 423 495 340 409 423 299 303 229 376 303 373 163 162 104 152 163 104 229 162 163 299 229 223 230 162 229 304 230 303 262 184 187 295 220 293 220 149 219 221 220 295 150 149 220 93 150 151 93 104 92 194 190 266 149 194 219 127 190 194 374 302 314 396 374 456 298 302 374 299 223 298 303 299 373 303 230 229 226 302 298 223 226 298 160 169 228 158 160 226 93 97 152 159 160 97 222 159 151 222 297 227 236 167 170 244 236 313 244 172 236 228 169 170 227 238 168 169 227 168 170 169 168 160 159 169 159 222 227 221 296 222 150 221 151 220 219 293 310 322 384 242 241 171 231 242 171 166 231 171 306 242 231 305 306 231 305 377 306 228 302 226 241 312 235 387 374 314 244 313 319 172 244 243 241 172 243 235 167 172 236 170 168 172 167 236 237 314 302 235 237 167 235 312 237 238 239 168 297 238 227 317 388 313 315 317 239 315 388 317 316 315 238 316 391 390 637 550 635 388 469 389 388 315 390 63 54 106 173 185 116 42 41 63 185 186 117 64 116 117 173 251 185 32 27 42 408 464 488 378 385 408 484 406 460 305 311 378 378 311 385 233 166 171 311 381 385 231 234 305 308 232 307 311 308 381 234 232 308 305 234 311 166 232 234 463 464 381 311 234 308 546 464 463 546 568 488 567 568 655 408 488 487 464 546 488 158 152 97 119 65 118 116 63 106 173 116 106 185 117 116 190 124 186 64 63 116 72 64 117 72 49 64 387 456 374 170 167 237 541 626 628 396 474 455 539 626 538 474 539 538 455 474 538 456 539 474 324 374 396 373 324 396 298 374 324 467 459 542 387 467 456 387 386 467 542 627 539 467 542 539 386 377 459 314 312 387 318 377 386 312 318 386 242 306 318 484 542 459 728 630 727 725 651 746 563 630 651 542 563 627 484 543 563 377 305 378 467 386 459 318 306 377 460 543 484 566 567 654 654 567 655 682 654 750 682 629 654 779 727 682 780 878 779 877 940 830 627 626 539 484 563 542 725 724 626 651 725 627 746 828 725 728 831 746 630 728 651 832 831 728 725 828 724 651 728 746 727 830 728 629 727 630 779 830 727 940 1000 900 920 1034 1009 807 920 806 829 939 920 827 829 726 724 827 726 938 941 1051 827 938 937 831 941 938 937 939 829 63 41 54 1054 941 1000 1000 1053 1107 1054 1175 1051 1107 1054 1000 1178 1175 1054 938 827 828 1052 939 1050 829 827 937 1000 940 1053 1178 1054 1107 900 832 940 941 900 1000 941 831 900 937 938 1051 831 832 900 877 878 981 877 779 878 940 877 981 830 779 877 832 830 940 832 728 830 727 629 682 1178 1306 1175 1175 1050 1051 941 1054 1051 1306 1305 1174 1174 1305 1176 1052 1174 1176 1175 1306 1174 16 33 25 1286 1156 1176 702 701 599 807 702 703 807 806 702 726 807 703 805 804 700 919 805 806 919 918 805 1412 1411 1281 16 25 12 698 803 801 596 698 695 596 597 699 1152 1155 1284 1283 1152 1284 1153 1032 1152 797 796 908 692 691 798 690 796 797 796 799 909 691 589 588 798 691 797 692 589 691 693 799 796 690 693 796 691 690 797 608 590 692 498 499 588 588 499 591 690 588 591 589 498 588 592 594 694 416 501 500 694 799 693 592 694 693 696 800 694 800 912 911 913 915 802 909 908 796 908 1023 910 797 908 798 909 1023 908 911 909 799 911 1024 909 1139 1269 1248 1023 1139 1134 1141 1269 1139 1148 1149 1278 1277 1148 1278 1147 1029 1148 802 801 913 1030 916 1031 1150 1280 1279 1030 1031 1150 1029 1030 1149 1029 914 1030 1282 1281 1411 1151 1282 1280 1151 1281 1282 1031 1151 1150 1149 1030 1150 917 918 1032 1009 919 920 1033 1009 1034 1033 919 1009 1155 1033 1154 1285 1155 1154 1152 1033 1155 1152 1032 1033 1010 918 919 1032 1010 1033 1032 918 1010 1151 1032 1153 1031 917 1032 917 804 918 1153 1281 1151 1031 1032 1151 1152 1283 1153 1285 1284 1155 1413 1412 1283 1411 1410 1282 917 803 804 805 918 804 916 1030 914 803 916 914 917 1031 916 1408 1407 1279 1028 1146 1027 1149 1148 1029 1277 1276 1146 628 726 703 627 725 626 828 831 938 724 828 827 746 831 828 1307 1176 1305 628 600 541 628 703 600 724 628 626 724 726 628 1051 1050 937 920 919 806 1052 1156 1034 1175 1174 1050 1307 1415 1286 702 599 601 805 701 806 700 598 701 805 700 701 919 1033 1010 803 698 699 699 698 596 804 699 700 804 803 699 601 600 703 702 601 703 599 507 601 598 599 701 597 598 700 699 597 700 596 503 504 598 504 505 419 503 417 338 418 337 505 507 599 597 504 598 420 424 505 1410 1409 1280 1409 1408 1279 1279 1407 1278 1279 1149 1150 1409 1279 1280 1278 1149 1279 1406 1278 1407 1277 1147 1148 1510 1599 1599 1602 1602 1640 1640 1714 1714 1715 1715 1823 1823 1930 1930 1948 1948 2034 2034 2113 2113 2136 2136 2192 2192 2261 2261 2277 2277 2340 2340 2397 2397 2445 2445 2487 2487 2521 2521 2552 2552 2578 2578 2598 2598 2611 2611 2613 2613 2603 2603 2602 2602 2597 2597 2576 2576 2548 2548 2517 2517 2481 2481 2437 2437 2393 2393 2337 2337 2274 2274 2208 2208 2197 2197 2121 2121 2040 2040 1953 1953 1928 1928 1864 1864 1818 1818 1704 1704 1608 1608 1607 1607 1508 1508 1484 1484 1426 1426 1375 307 379 379 399 399 401 401 403 403 481 481 560 560 574 574 581 581 674 674 687 687 778 778 793 793 894 894 905 905 1008 1008 1114 1114 1228 1228 1354 1354 1474 1474 1510 145 215 215 290 290 367 367 450 450 534 534 623 623 710 710 768 768 864 864 926 926 974 974 975 975 1081 1081 1102 1102 1207 1207 1272 1272 1373 1373 1397 1397 1398 1398 1399 1399 1403 1403 1402 1402 1405 1405 1404 1404 1406 1406 1407 1407 1408 1408 1409 1409 1410 1410 1411 1411 1412 1412 1413 1413 1414 1414 1415 1415 1307 1307 1305 1305 1306 1306 1178 1178 1107 1107 1053 1053 981 981 878 878 780 780 750 750 655 655 568 568 546 546 463 463 380 380 307 1375 1298 1298 1213 1213 1090 1090 985 985 882 882 783 783 684 684 665 665 578 578 584 584 582 582 572 572 564 564 486 486 447 447 365 365 288 288 250 250 213 213 145 0 6 6 16 16 33 33 54 54 106 106 173 173 251 251 329 329 409 409 494 494 586 586 678 678 775 775 873 873 977 977 1085 1085 1132 1132 1246 1246 1257 1257 1255 1255 1263 1263 1261 1261 1259 1259 1258 1258 1252 1252 1256 1256 1254 1254 1253 1253 1262 1262 1244 1244 1131 1131 1115 1115 1011 1011 961 961 853 853 756 756 663 663 575 575 497 497 410 410 330 330 252 252 174 174 107 107 61 61 39 39 23 23 10 10 2 2 0 
</DataArray>
<DataArray type="Int32" Name="offsets" format="ascii" >
3 6 9 12 15 18 21 24 27 30 33 36 39 42 45 48 51 54 57 60 63 66 69 72 75 78 81 84 87 90 93 96 99 102 105 108 111 114 117 120 123 126 129 132 135 138 141 144 147 150 153 156 159 162 165 168 171 174 177 180 183 186 189 192 195 198 201 204 207 210 213 216 219 222 225 228 231 234 237 240 243 246 249 252 255 258 261 264 267 270 273 276 279 282 285 288 291 294 297 300 303 306 309 312 315 318 321 324 327 330 333 336 339 342 345 348 351 354 357 360 363 366 369 372 375 378 381 384 387 390 393 396 399 402 405 408 411 414 417 420 423 426 429 432 435 438 441 444 447 450 453 456 459 462 465 468 471 474 477 480 483 486 489 492 495 498 501 504 507 510 513 516 519 522 525 528 531 534 537 540 543 546 549 552 555 558 561 564 567 570 573 576 579 582 585 588 591 594 597 600 603 606 609 612 615 618 621 624 627 630 633 636 639 642 645 648 651 654 657 660 663 666 669 672 675 678 681 684 687 690 693 696 699 702 705 708 711 714 717 720 723 726 729 732 735 738 741 744 747 750 753 756 759 762 765 768 771 774 777 780 783 786 789 792 795 798 801 804 807 810 813 816 819 822 825 828 831 834 837 840 843 846 849 852 855 858 861 864 867 870 873 876 879 882 885 888 891 894 897 900 903 906 909 912 915 918 921 924 927 930 933 936 939 942 945 948 951 954 957 960 963 966 969 972 975 978 981 984 987 990 993 996 999 1002 1005 1008 1011 1014 1017 1020 1023 1026 1029 1032 1035 1038 1041 1044 1047 1050 1053 1056 1059 1062 1065 1068 1071 1074 1077 1080 1083 1086 1089 1092 1095 1098 1101 1104 1107 1110 1113 1116 1119 1122 1125 1128 1131 1134 1137 1140 1143 1146 1149 1152 1155 1158 1161 1164 1167 1170 1173 1176 1179 1182 1185 1188 1191 1194 1197 1200 1203 1206 1209 1212 1215 1218 1221 1224 1227 1230 1233 1236 1239 1242 1245 1248 1251 1254 1257 1260 1263 1266 1269 1272 1275 1278 1281 1284 1287 1290 1293 1296 1299 1302 1305 1308 1311 1314 1317 1320 1323 1326 1329 1332 1335 1338 1341 1344 1347 1350 1353 1356 1359 1362 1365 1368 1371 1374 1377 1380 1383 1386 1389 1392 1395 1398 1401 1404 1407 1410 1413 1416 1419 1422 1425 1428 1431 1434 1437 1440 1443 1446 1449 1452 1455 1458 1461 1464 1467 1470 1473 1476 1479 1482 1485 1488 1491 1494 1497 1500 1503 1506 1509 1512 1515 1518 1521 1524 1527 1530 1533 1536 1539 1542 1545 1548 1551 1554 1557 1560 1563 1566 1569 1572 1575 1578 1581 1584 1587 1590 1593 1596 1599 1602 1605 1608 1611 1614 1617 1620 1623 1626 1629 1632 1635 1638 1641 1644 1647 1650 1653 1656 1659 1662 1665 1668 1671 1674 1677 1680 1683 1686 1689 1692 1695 1698 1701 1704 1707 1710 1713 1716 1719 1722 1725 1728 1731 1734 1737 1740 1743 1746 1749 1752 1755 1758 1761 1764 1767 1770 1773 1776 1779 1782 1785 1788 1791 1794 1797 1800 1803 1806 1809 1812 1815 1818 1821 1824 1827 1830 1833 1836 1839 1842 1845 1848 1851 1854 1857 1860 1863 1866 1869 1872 1875 1878 1881 1884 1887 1890 1893 1896 1899 1902 1905 1908 1911 1914 1917 1920 1923 1926 1929 1932 1935 1938 1941 1944 1947 1950 1953 1956 1959 1962 1965 1968 1971 1974 1977 1980 1983 1986 1989 1992 1995 1998 2001 2004 2007 2010 2013 2016 2019 2022 2025 2028 2031 2034 2037 2040 2043 2046 2049 2052 2055 2058 2061 2064 2067 2070 2073 2076 2079 2082 2085 2088 2091 2094 2097 2100 2103 2106 2109 2112 2115 2118 2121 2124 2127 2130 2133 2136 2139 2142 2145 2148 2151 2154 2157 2160 2163 2166 2169 2172 2175 2178 2181 2184 2187 2190 2193 2196 2199 2202 2205 2208 2211 2214 2217 2220 2223 2226 2229 2232 2235 2238 2241 2244 2247 2250 2253 2256 2259 2262 2265 2268 2271 2274 2277 2280 2283 2286 2289 2292 2295 2298 2301 2304 2307 2310 2313 2316 2319 2322 2325 2328 2331 2334 2337 2340 2343 2346 2349 2352 2355 2358 2361 2364 2367 2370 2373 2376 2379 2382 2385 2388 2391 2394 2397 2400 2403 2406 2409 2412 2415 2418 2421 2424 2427 2430 2433 2436 2439 2442 2445 2448 2451 2454 2457 2460 2463 2466 2469 2472 2475 2478 2481 2484 2487 2490 2493 2496 2499 2502 2505 2508 2511 2514 2517 2520 2523 2526 2529 2532 2535 2538 2541 2544 2547 2550 2553 2556 2559 2562 2565 2568 2571 2574 2577 2580 2583 2586 2589 2592 2595 2598 2601 2604 2607 2610 2613 2616 2619 2622 2625 2628 2631 2634 2637 2640 2643 2646 2649 2652 2655 2658 2661 2664 2667 2670 2673 2676 2679 2682 2685 2688 2691 2694 2697 2700 2703 2706 2709 2712 2715 2718 2721 2724 2727 2730 2733 2736 2739 2742 2745 2748 2751 2754 2757 2760 2763 2766 2769 2772 2775 2778 2781 2784 2787 2790 2793 2796 2799 2802 2805 2808 2811 2814 2817 2820 2823 2826 2829 2832 2835 2838 2841 2844 2847 2850 2853 2856 2859 2862 2865 2868 2871 2874 2877 2880 2883 2886 2889 2892 2895 2898 2901 2904 2907 2910 2913 2916 2919 2922 2925 2928 2931 2934 2937 2940 2943 2946 2949 2952 2955 2958 2961 2964 2967 2970 2973 2976 2979 2982 2985 2988 2991 2994 2997 3000 3003 3006 3009 3012 3015 3018 3021 3024 3027 3030 3033 3036 3039 3042 3045 3048 3051 3054 3057 3060 3063 3066 3069 3072 3075 3078 3081 3084 3087 3090 3093 3096 3099 3102 3105 3108 3111 3114 3117 3120 3123 3126 3129 3132 3135 3138 3141 3144 3147 3150 3153 3156 3159 3162 3165 3168 3171 3174 3177 3180 3183 3186 3189 3192 3195 3198 3201 3204 3207 3210 3213 3216 3219 3222 3225 3228 3231 3234 3237 3240 3243 3246 3249 3252 3255 3258 3261 3264 3267 3270 3273 3276 3279 3282 3285 3288 3291 3294 3297 3300 3303 3306 3309 3312 3315 3318 3321 3324 3327 3330 3333 3336 3339 3342 3345 3348 3351 3354 3357 3360 3363 3366 3369 3372 3375 3378 3381 3384 3387 3390 3393 3396 3399 3402 3405 3408 3411 3414 3417 3420 3423 3426 3429 3432 3435 3438 3441 3444 3447 3450 3453 3456 3459 3462 3465 3468 3471 3474 3477 3480 3483 3486 3489 3492 3495 3498 3501 3504 3507 3510 3513 3516 3519 3522 3525 3528 3531 3534 3537 3540 3543 3546 3549 3552 3555 3558 3561 3564 3567 3570 3573 3576 3579 3582 3585 3588 3591 3594 3597 3600 3603 3606 3609 3612 3615 3618 3621 3624 3627 3630 3633 3636 3639 3642 3645 3648 3651 3654 3657 3660 3663 3666 3669 3672 3675 3678 3681 3684 3687 3690 3693 3696 3699 3702 3705 3708 3711 3714 3717 3720 3723 3726 3729 3732 3735 3738 3741 3744 3747 3750 3753 3756 3759 3762 3765 3768 3771 3774 3777 3780 3783 3786 3789 3792 3795 3798 3801 3804 3807 3810 3813 3816 3819 3822 3825 3828 3831 3834 3837 3840 3843 3846 3849 3852 3855 3858 3861 3864 3867 3870 3873 3876 3879 3882 3885 3888 3891 3894 3897 3900 3903 3906 3909 3912 3915 3918 3921 3924 3927 3930 3933 3936 3939 3942 3945 3948 3951 3954 3957 3960 3963 3966 3969 3972 3975 3978 3981 3984 3987 3990 3993 3996 3999 4002 4005 4008 4011 4014 4017 4020 4023 4026 4029 4032 4035 4038 4041 4044 4047 4050 4053 4056 4059 4062 4065 4068 4071 4074 4077 4080 4083 4086 4089 4092 4095 4098 4101 4104 4107 4110 4113 4116 4119 4122 4125 4128 4131 4134 4137 4140 4143 4146 4149 4152 4155 4158 4161 4164 4167 4170 4173 4176 4179 4182 4185 4188 4191 4194 4197 4200 4203 4206 4209 4212 4215 4218 4221 4224 4227 4230 4233 4236 4239 4242 4245 4248 4251 4254 4257 4260 4263 4266 4269 4272 4275 4278 4281 4284 4287 4290 4293 4296 4299 4302 4305 4308 4311 4314 4317 4320 4323 4326 4329 4332 4335 4338 4341 4344 4347 4350 4353 4356 4359 4362 4365 4368 4371 4374 4377 4380 4383 4386 4389 4392 4395 4398 4401 4404 4407 4410 4413 4416 4419 4422 4425 4428 4431 4434 4437 4440 4443 4446 4449 4452 4455 4458 4461 4464 4467 4470 4473 4476 4479 4482 4485 4488 4491 4494 4497 4500 4503 4506 4509 4512 4515 4518 4521 4524 4527 4530 4533 4536 4539 4542 4545 4548 4551 4554 4557 4560 4563 4566 4569 4572 4575 4578 4581 4584 4587 4590 4593 4596 4599 4602 4605 4608 4611 4614 4617 4620 4623 4626 4629 4632 4635 4638 4641 4644 4647 4650 4653 4656 4659 4662 4665 4668 4671 4674 4677 4680 4683 4686 4689 4692 4695 4698 4701 4704 4707 4710 4713 4716 4719 4722 4725 4728 4731 4734 4737 4740 4743 4746 4749 4752 4755 4758 4761 4764 4767 4770 4773 4776 4779 4782 4785 4788 4791 4794 4797 4800 4803 4806 4809 4812 4815 4818 4821 4824 4827 4830 4833 4836 4839 4842 4845 4848 4851 4854 4857 4860 4863 4866 4869 4872 4875 4878 4881 4884 4887 4890 4893 4896 4899 4902 4905 4908 4911 4914 4917 4920 4923 4926 4929 4932 4935 4938 4941 4944 4947 4950 4953 4956 4959 4962 4965 4968 4971 4974 4977 4980 4983 4986 4989 4992 4995 4998 5001 5004 5007 5010 5013 5016 5019 5022 5025 5028 5031 5034 5037 5040 5043 5046 5049 5052 5055 5058 5061 5064 5067 5070 5073 5076 5079 5082 5085 5088 5091 5094 5097 5100 5103 5106 5109 5112 5115 5118 5121 5124 5127 5130 5133 5136 5139 5142 5145 5148 5151 5154 5157 5160 5163 5166 5169 5172 5175 5178 5181 5184 5187 5190 5193 5196 5199 5202 5205 5208 5211 5214 5217 5220 5223 5226 5229 5232 5235 5238 5241 5244 5247 5250 5253 5256 5259 5262 5265 5268 5271 5274 5277 5280 5283 5286 5289 5292 5295 5298 5301 5304 5307 5310 5313 5316 5319 5322 5325 5328 5331 5334 5337 5340 5343 5346 5349 5352 5355 5358 5361 5364 5367 5370 5373 5376 5379 5382 5385 5388 5391 5394 5397 5400 5403 5406 5409 5412 5415 5418 5421 5424 5427 5430 5433 5436 5439 5442 5445 5448 5451 5454 5457 5460 5463 5466 5469 5472 5475 5478 5481 5484 5487 5490 5493 5496 5499 5502 5505 5508 5511 5514 5517 5520 5523 5526 5529 5532 5535 5538 5541 5544 5547 5550 5553 5556 5559 5562 5565 5568 5571 5574 5577 5580 5583 5586 5589 5592 5595 5598 5601 5604 5607 5610 5613 5616 5619 5622 5625 5628 5631 5634 5637 5640 5643 5646 5649 5652 5655 5658 5661 5664 5667 5670 5673 5676 5679 5682 5685 5688 5691 5694 5697 5700 5703 5706 5709 5712 5715 5718 5721 5724 5727 5730 5733 5736 5739 5742 5745 5748 5751 5754 5757 5760 5763 5766 5769 5772 5775 5778 5781 5784 5787 5790 5793 5796 5799 5802 5805 5808 5811 5814 5817 5820 5823 5826 5829 5832 5835 5838 5841 5844 5847 5850 5853 5856 5859 5862 5865 5868 5871 5874 5877 5880 5883 5886 5889 5892 5895 5898 5901 5904 5907 5910 5913 5916 5919 5922 5925 5928 5931 5934 5937 5940 5943 5946 5949 5952 5955 5958 5961 5964 5967 5970 5973 5976 5979 5982 5985 5988 5991 5994 5997 6000 6003 6006 6009 6012 6015 6018 6021 6024 6027 6030 6033 6036 6039 6042 6045 6048 6051 6054 6057 6060 6063 6066 6069 6072 6075 6078 6081 6084 6087 6090 6093 6096 6099 6102 6105 6108 6111 6114 6117 6120 6123 6126 6129 6132 6135 6138 6141 6144 6147 6150 6153 6156 6159 6162 6165 6168 6171 6174 6177 6180 6183 6186 6189 6192 6195 6198 6201 6204 6207 6210 6213 6216 6219 6222 6225 6228 6231 6234 6237 6240 6243 6246 6249 6252 6255 6258 6261 6264 6267 6270 6273 6276 6279 6282 6285 6288 6291 6294 6297 6300 6303 6306 6309 6312 6315 6318 6321 6324 6327 6330 6333 6336 6339 6342 6345 6348 6351 6354 6357 6360 6363 6366 6369 6372 6375 6378 6381 6384 6387 6390 6393 6396 6399 6402 6405 6408 6411 6414 6417 6420 6423 6426 6429 6432 6435 6438 6441 6444 6447 6450 6453 6456 6459 6462 6465 6468 6471 6474 6477 6480 6483 6486 6489 6492 6495 6498 6501 6504 6507 6510 6513 6516 6519 6522 6525 6528 6531 6534 6537 6540 6543 6546 6549 6552 6555 6558 6561 6564 6567 6570 6573 6576 6579 6582 6585 6588 6591 6594 6597 6600 6603 6606 6609 6612 6615 6618 6621 6624 6627 6630 6633 6636 6639 6642 6645 6648 6651 6654 6657 6660 6663 6666 6669 6672 6675 6678 6681 6684 6687 6690 6693 6696 6699 6702 6705 6708 6711 6714 6717 6720 6723 6726 6729 6732 6735 6738 6741 6744 6747 6750 6753 6756 6759 6762 6765 6768 6771 6774 6777 6780 6783 6786 6789 6792 6795 6798 6801 6804 6807 6810 6813 6816 6819 6822 6825 6828 6831 6834 6837 6840 6843 6846 6849 6852 6855 6858 6861 6864 6867 6870 6873 6876 6879 6882 6885 6888 6891 6894 6897 6900 6903 6906 6909 6912 6915 6918 6921 6924 6927 6930 6933 6936 6939 6942 6945 6948 6951 6954 6957 6960 6963 6966 6969 6972 6975 6978 6981 6984 6987 6990 6993 6996 6999 7002 7005 7008 7011 7014 7017 7020 7023 7026 7029 7032 7035 7038 7041 7044 7047 7050 7053 7056 7059 7062 7065 7068 7071 7074 7077 7080 7083 7086 7089 7092 7095 7098 7101 7104 7107 7110 7113 7116 7119 7122 7125 7128 7131 7134 7137 7140 7143 7146 7149 7152 7155 7158 7161 7164 7167 7170 7173 7176 7179 7182 7185 7188 7191 7194 7197 7200 7203 7206 7209 7212 7215 7218 7221 7224 7227 7230 7233 7236 7239 7242 7245 7248 7251 7254 7257 7260 7263 7266 7269 7272 7275 7278 7281 7284 7287 7290 7293 7296 7299 7302 7305 7308 7311 7314 7317 7320 7323 7326 7329 7332 7335 7338 7341 7344 7347 7350 7353 7356 7359 7362 7365 7368 7371 7374 7377 7380 7383 7386 7389 7392 7395 7398 7401 7404 7407 7410 7413 7416 7419 7422 7425 7428 7431 7434 7437 7440 7443 7446 7449 7452 7455 7458 7461 7464 7467 7470 7473 7476 7479 7482 7485 7488 7491 7494 7497 7500 7503 7506 7509 7512 7515 7518 7521 7524 7527 7530 7533 7536 7539 7542 7545 7548 7551 7554 7557 7560 7563 7566 7569 7572 7575 7578 7581 7584 7587 7590 7593 7596 7599 7602 7605 7608 7611 7614 7617 7620 7623 7626 7629 7632 7635 7638 7641 7644 7647 7650 7653 7656 7659 7662 7665 7668 7671 7674 7677 7680 7683 7686 7689 7692 7695 7698 7701 7704 7707 7710 7713 7716 7719 7722 7725 7728 7731 7734 7737 7740 7743 7746 7749 7752 7755 7758 7761 7764 7767 7770 7773 7776 7779 7782 7785 7788 7791 7794 7797 7800 7803 7806 7809 7812 7815 7818 7821 7824 7827 7830 7833 7836 7839 7842 7845 7848 7851 7854 7857 7860 7863 7866 7869 7872 7875 7878 7881 7884 7887 7890 7893 7896 7899 7902 7905 7908 7911 7914 7917 7920 7923 7926 7929 7932 7935 7938 7941 7944 7947 7950 7953 7956 7959 7962 7965 7968 7971 7974 7977 7980 7983 7986 7989 7992 7995 7998 8001 8004 8007 8010 8013 8016 8019 8022 8025 8028 8031 8034 8037 8040 8043 8046 8049 8052 8055 8058 8061 8064 8067 8070 8073 8076 8079 8082 8085 8088 8091 8094 8097 8100 8103 8106 8109 8112 8115 8118 8121 8124 8127 8130 8133 8136 8139 8142 8145 8148 8151 8154 8157 8160 8163 8166 8169 8172 8175 8178 8181 8184 8187 8190 8193 8196 8199 8202 8205 8208 8211 8214 8217 8220 8223 8226 8229 8232 8235 8238 8241 8244 8247 8250 8253 8256 8259 8262 8265 8268 8271 8274 8277 8280 8283 8286 8289 8292 8295 8298 8301 8304 8307 8310 8313 8316 8319 8322 8325 8328 8331 8334 8337 8340 8343 8346 8349 8352 8355 8358 8361 8364 8367 8370 8373 8376 8379 8382 8385 8388 8391 8394 8397 8400 8403 8406 8409 8412 8415 8418 8421 8424 8427 8430 8433 8436 8439 8442 8445 8448 8451 8454 8457 8460 8463 8466 8469 8472 8475 8478 8481 8484 8487 8490 8493 8496 8499 8502 8505 8508 8511 8514 8517 8520 8523 8526 8529 8532 8535 8538 8541 8544 8547 8550 8553 8556 8559 8562 8565 8568 8571 8574 8577 8580 8583 8586 8589 8592 8595 8598 8601 8604 8607 8610 8613 8616 8619 8622 8625 8628 8631 8634 8637 8640 8643 8646 8649 8652 8655 8658 8661 8664 8667 8670 8673 8676 8679 8682 8685 8688 8691 8694 8697 8700 8703 8706 8709 8712 8715 8718 8721 8724 8727 8730 8733 8736 8739 8742 8745 8748 8751 8754 8757 8760 8763 8766 8769 8772 8775 8778 8781 8784 8787 8790 8793 8796 8799 8802 8805 8808 8811 8814 8817 8820 8823 8826 8829 8832 8835 8838 8841 8844 8847 8850 8853 8856 8859 8862 8865 8868 8871 8874 8877 8880 8883 8886 8889 8892 8895 8898 8901 8904 8907 8910 8913 8916 8919 8922 8925 8928 8931 8934 8937 8940 8943 8946 8949 8952 8955 8958 8961 8964 8967 8970 8973 8976 8979 8982 8985 8988 8991 8994 8997 9000 9003 9006 9009 9012 9015 9018 9021 9024 9027 9030 9033 9036 9039 9042 9045 9048 9051 9054 9057 9060 9063 9066 9069 9072 9075 9078 9081 9084 9087 9090 9093 9096 9099 9102 9105 9108 9111 9114 9117 9120 9123 9126 9129 9132 9135 9138 9141 9144 9147 9150 9153 9156 9159 9162 9165 9168 9171 9174 9177 9180 9183 9186 9189 9192 9195 9198 9201 9204 9207 9210 9213 9216 9219 9222 9225 9228 9231 9234 9237 9240 9243 9246 9249 9252 9255 9258 9261 9264 9267 9270 9273 9276 9279 9282 9285 9288 9291 9294 9297 9300 9303 9306 9309 9312 9315 9318 9321 9324 9327 9330 9333 9336 9339 9342 9345 9348 9351 9354 9357 9360 9363 9366 9369 9372 9375 9378 9381 9384 9387 9390 9393 9396 9399 9402 9405 9408 9411 9414 9417 9420 9423 9426 9429 9432 9435 9438 9441 9444 9447 9450 9453 9456 9459 9462 9465 9468 9471 9474 9477 9480 9483 9486 9489 9492 9495 9498 9501 9504 9507 9510 9513 9516 9519 9522 9525 9528 9531 9534 9537 9540 9543 9546 9549 9552 9555 9558 9561 9564 9567 9570 9573 9576 9579 9582 9585 9588 9591 9594 9597 9600 9603 9606 9609 9612 9615 9618 9621 9624 9627 9630 9633 9636 9639 9642 9645 9648 9651 9654 9657 9660 9663 9666 9669 9672 9675 9678 9681 9684 9687 9690 9693 9696 9699 9702 9705 9708 9711 9714 9717 9720 9723 9726 9729 9732 9735 9738 9741 9744 9747 9750 9753 9756 9759 9762 9765 9768 9771 9774 9777 9780 9783 9786 9789 9792 9795 9798 9801 9804 9807 9810 9813 9816 9819 9822 9825 9828 9831 9834 9837 9840 9843 9846 9849 9852 9855 9858 9861 9864 9867 9870 9873 9876 9879 9882 9885 9888 9891 9894 9897 9900 9903 9906 9909 9912 9915 9918 9921 9924 9927 9930 9933 9936 9939 9942 9945 9948 9951 9954 9957 9960 9963 9966 9969 9972 9975 9978 9981 9984 9987 9990 9993 9996 9999 10002 10005 10008 10011 10014 10017 10020 10023 10026 10029 10032 10035 10038 10041 10044 10047 10050 10053 10056 10059 10062 10065 10068 10071 10074 10077 10080 10083 10086 10089 10092 10095 10098 10101 10104 10107 10110 10113 10116 10119 10122 10125 10128 10131 10134 10137 10140 10143 10146 10149 10152 10155 10158 10161 10164 10167 10170 10173 10176 10179 10182 10185 10188 10191 10194 10197 10200 10203 10206 10209 10212 10215 10218 10221 10224 10227 10230 10233 10236 10239 10242 10245 10248 10251 10254 10257 10260 10263 10266 10269 10272 10275 10278 10281 10284 10287 10290 10293 10296 10299 10302 10305 10308 10311 10314 10317 10320 10323 10326 10329 10332 10335 10338 10341 10344 10347 10350 10353 10356 10359 10362 10365 10368 10371 10374 10377 10380 10383 10386 10389 10392 10395 10398 10401 10404 10407 10410 10413 10416 10419 10422 10425 10428 10431 10434 10437 10440 10443 10446 10449 10452 10455 10458 10461 10464 10467 10470 10473 10476 10479 10482 10485 10488 10491 10494 10497 10500 10503 10506 10509 10512 10515 10518 10521 10524 10527 10530 10533 10536 10539 10542 10545 10548 10551 10554 10557 10560 10563 10566 10569 10572 10575 10578 10581 10584 10587 10590 10593 10596 10599 10602 10605 10608 10611 10614 10617 10620 10623 10626 10629 10632 10635 10638 10641 10644 10647 10650 10653 10656 10659 10662 10665 10668 10671 10674 10677 10680 10683 10686 10689 10692 10695 10698 10701 10704 10707 10710 10713 10716 10719 10722 10725 10728 10731 10734 10737 10740 10743 10746 10749 10752 10755 10758 10761 10764 10767 10770 10773 10776 10779 10782 10785 10788 10791 10794 10797 10800 10803 10806 10809 10812 10815 10818 10821 10824 10827 10830 10833 10836 10839 10842 10845 10848 10851 10854 10857 10860 10863 10866 10869 10872 10875 10878 10881 10884 10887 10890 10893 10896 10899 10902 10905 10908 10911 10914 10917 10920 10923 10926 10929 10932 10935 10938 10941 10944 10947 10950 10953 10956 10959 10962 10965 10968 10971 10974 10977 10980 10983 10986 10989 10992 10995 10998 11001 11004 11007 11010 11013 11016 11019 11022 11025 11028 11031 11034 11037 11040 11043 11046 11049 11052 11055 11058 11061 11064 11067 11070 11073 11076 11079 11082 11085 11088 11091 11094 11097 11100 11103 11106 11109 11112 11115 11118 11121 11124 11127 11130 11133 11136 11139 11142 11145 11148 11151 11154 11157 11160 11163 11166 11169 11172 11175 11178 11181 11184 11187 11190 11193 11196 11199 11202 11205 11208 11211 11214 11217 11220 11223 11226 11229 11232 11235 11238 11241 11244 11247 11250 11253 11256 11259 11262 11265 11268 11271 11274 11277 11280 11283 11286 11289 11292 11295 11298 11301 11304 11307 11310 11313 11316 11319 11322 11325 11328 11331 11334 11337 11340 11343 11346 11349 11352 11355 11358 11361 11364 11367 11370 11373 11376 11379 11382 11385 11388 11391 11394 11397 11400 11403 11406 11409 11412 11415 11418 11421 11424 11427 11430 11433 11436 11439 11442 11445 11448 11451 11454 11457 11460 11463 11466 11469 11472 11475 11478 11481 11484 11487 11490 11493 11496 11499 11502 11505 11508 11511 11514 11517 11520 11523 11526 11529 11532 11535 11538 11541 11544 11547 11550 11553 11556 11559 11562 11565 11568 11571 11574 11577 11580 11583 11586 11589 11592 11595 11598 11601 11604 11607 11610 11613 11616 11619 11622 11625 11628 11631 11634 11637 11640 11643 11646 11649 11652 11655 11658 11661 11664 11667 11670 11673 11676 11679 11682 11685 11688 11691 11694 11697 11700 11703 11706 11709 11712 11715 11718 11721 11724 11727 11730 11733 11736 11739 11742 11745 11748 11751 11754 11757 11760 11763 11766 11769 11772 11775 11778 11781 11784 11787 11790 11793 11796 11799 11802 11805 11808 11811 11814 11817 11820 11823 11826 11829 11832 11835 11838 11841 11844 11847 11850 11853 11856 11859 11862 11865 11868 11871 11874 11877 11880 11883 11886 11889 11892 11895 11898 11901 11904 11907 11910 11913 11916 11919 11922 11925 11928 11931 11934 11937 11940 11943 11946 11949 11952 11955 11958 11961 11964 11967 11970 11973 11976 11979 11982 11985 11988 11991 11994 11997 12000 12003 12006 12009 12012 12015 12018 12021 12024 12027 12030 12033 12036 12039 12042 12045 12048 12051 12054 12057 12060 12063 12066 12069 12072 12075 12078 12081 12084 12087 12090 12093 12096 12099 12102 12105 12108 12111 12114 12117 12120 12123 12126 12129 12132 12135 12138 12141 12144 12147 12150 12153 12156 12159 12162 12165 12168 12171 12174 12177 12180 12183 12186 12189 12192 12195 12198 12201 12204 12207 12210 12213 12216 12219 12222 12225 12228 12231 12234 12237 12240 12243 12246 12249 12252 12255 12258 12261 12264 12267 12270 12273 12276 12279 12282 12285 12288 12291 12294 12297 12300 12303 12306 12309 12312 12315 12318 12321 12324 12327 12330 12333 12336 12339 12342 12345 12348 12351 12354 12357 12360 12363 12366 12369 12372 12375 12378 12381 12384 12387 12390 12393 12396 12399 12402 12405 12408 12411 12414 12417 12420 12423 12426 12429 12432 12435 12438 12441 12444 12447 12450 12453 12456 12459 12462 12465 12468 12471 12474 12477 12480 12483 12486 12489 12492 12495 12498 12501 12504 12507 12510 12513 12516 12519 12522 12525 12528 12531 12534 12537 12540 12543 12546 12549 12552 12555 12558 12561 12564 12567 12570 12573 12576 12579 12582 12585 12588 12591 12594 12597 12600 12603 12606 12609 12612 12615 12618 12621 12624 12627 12630 12633 12636 12639 12642 12645 12648 12651 12654 12657 12660 12663 12666 12669 12672 12675 12678 12681 12684 12687 12690 12693 12696 12699 12702 12705 12708 12711 12714 12717 12720 12723 12726 12729 12732 12735 12738 12741 12744 12747 12750 12753 12756 12759 12762 12765 12768 12771 12774 12777 12780 12783 12786 12789 12792 12795 12798 12801 12804 12807 12810 12813 12816 12819 12822 12825 12828 12831 12834 12837 12840 12843 12846 12849 12852 12855 12858 12861 12864 12867 12870 12873 12876 12879 12882 12885 12888 12891 12894 12897 12900 12903 12906 12909 12912 12915 12918 12921 12924 12927 12930 12933 12936 12939 12942 12945 12948 12951 12954 12957 12960 12963 12966 12969 12972 12975 12978 12981 12984 12987 12990 12993 12996 12999 13002 13005 13008 13011 13014 13017 13020 13023 13026 13029 13032 13035 13038 13041 13044 13047 13050 13053 13056 13059 13062 13065 13068 13071 13074 13077 13080 13083 13086 13089 13092 13095 13098 13101 13104 13107 13110 13113 13116 13119 13122 13125 13128 13131 13134 13137 13140 13143 13146 13149 13152 13155 13158 13161 13164 13167 13170 13173 13176 13179 13182 13185 13188 13191 13194 13197 13200 13203 13206 13209 13212 13215 13218 13221 13224 13227 13230 13233 13236 13239 13242 13245 13248 13251 13254 13257 13260 13263 13266 13269 13272 13275 13278 13281 13284 13287 13290 13293 13296 13299 13302 13305 13308 13311 13314 13317 13320 13323 13326 13329 13332 13335 13338 13341 13344 13347 13350 13353 13356 13359 13362 13365 13368 13371 13374 13377 13380 13383 13386 13389 13392 13395 13398 13401 13404 13407 13410 13413 13416 13419 13422 13425 13428 13431 13434 13437 13440 13443 13446 13449 13452 13455 13458 13461 13464 13467 13470 13473 13476 13479 13482 13485 13488 13491 13494 13497 13500 13503 13506 13509 13512 13515 13518 13521 13524 13527 13530 13533 13536 13539 13542 13545 13548 13551 13554 13557 13560 13563 13566 13569 13572 13575 13578 13581 13584 13587 13590 13593 13596 13599 13602 13605 13608 13611 13614 13617 13620 13623 13626 13629 13632 13635 13638 13641 13644 13647 13650 13653 13656 13659 13662 13665 13668 13671 13674 13677 13680 13683 13686 13689 13692 13695 13698 13701 13704 13707 13710 13713 13716 13719 13722 13725 13728 13731 13734 13737 13740 13743 13746 13749 13752 13755 13758 13761 13764 13767 13770 13773 13776 13779 13782 13785 13788 13791 13794 13797 13800 13803 13806 13809 13812 13815 13818 13821 13824 13827 13830 13833 13836 13839 13842 13845 13848 13851 13854 13857 13860 13863 13866 13869 13872 13875 13878 13881 13884 13887 13890 13893 13896 13899 13902 13905 13908 13911 13914 13917 13920 13923 13926 13929 13932 13935 13938 13941 13944 13947 13950 13953 13956 13959 13962 13965 13968 13971 13974 13977 13980 13983 13986 13989 13992 13995 13998 14001 14004 14007 14010 14013 14016 14019 14022 14025 14028 14031 14034 14037 14040 14043 14046 14049 14052 14055 14058 14061 14064 14067 14070 14073 14076 14079 14082 14085 14088 14091 14094 14097 14100 14103 14106 14109 14112 14115 14118 14121 14124 14127 14130 14133 14136 14139 14142 14145 14148 14151 14154 14157 14160 14163 14166 14169 14172 14175 14178 14181 14184 14187 14190 14193 14196 14199 14202 14205 14208 14211 14214 14217 14220 14223 14226 14229 14232 14235 14238 14241 14244 14247 14250 14253 14256 14259 14262 14265 14268 14271 14274 14277 14280 14283 14286 14289 14292 14295 14298 14301 14304 14307 14310 14313 14316 14319 14322 14325 14328 14331 14334 14337 14340 14343 14346 14349 14352 14355 14358 14361 14364 14367 14370 14373 14376 14379 14382 14385 14388 14391 14394 14397 14400 14403 14406 14409 14412 14415 14418 14421 14424 14427 14430 14433 14436 14439 14442 14445 14448 14451 14454 14457 14460 14463 14466 14469 14472 14475 14478 14481 14484 14487 14490 14493 14496 14499 14502 14505 14508 14511 14514 14517 14520 14523 14526 14529 14532 14535 14538 14541 14544 14547 14550 14553 14556 14559 14562 14565 14568 14571 14574 14577 14580 14583 14586 14589 14592 14595 14598 14601 14604 14607 14610 14613 14616 14619 14622 14625 14628 14631 14634 14637 14640 14643 14646 14649 14652 14655 14658 14661 14664 14667 14670 14673 14676 14679 14682 14685 14688 14691 14694 14697 14700 14703 14706 14709 14712 14715 14718 14721 14724 14727 14730 14733 14736 14739 14742 14745 14748 14751 14754 14757 14760 14763 14766 14769 14772 14775 14778 14781 14784 14787 14790 14793 14796 14799 14802 14805 14808 14811 14814 14817 14820 14823 14826 14829 14832 14835 14838 14841 14844 14847 14850 14853 14856 14859 14862 14865 14868 14871 14874 14877 14880 14883 14886 14889 14892 14895 14898 14901 14904 14907 14910 14913 14916 14919 14922 14925 14928 14931 14934 14937 14940 14943 14946 14949 14952 14955 14958 14961 14964 14967 14970 14973 14976 14979 14982 14985 14988 14991 14994 14997 15000 15003 15006 15009 15012 15015 15018 15021 15024 15027 15030 15033 15036 15039 15042 15045 15048 15051 15054 15057 15060 15063 15066 15069 15072 15075 15078 15081 15084 15087 15090 15093 15096 15099 15102 15105 15108 15111 15114 15117 15120 15123 15126 15129 15132 15135 15138 15141 15144 15147 15150 15153 15156 15159 15162 15165 15168 15171 15174 15177 15180 15183 15186 15189 15192 15195 15198 15201 15204 15207 15210 15213 15216 15219 15222 15225 15228 15231 15234 15237 15240 15243 15246 15249 15252 15255 15258 15261 15264 15267 15270 15273 15276 15279 15282 15285 15288 15291 15294 15297 15300 15303 15306 15309 15312 15315 15318 15321 15324 15327 15330 15333 15336 15339 15342 15345 15348 15351 15354 15357 15360 15363 15366 15369 15372 15375 15378 15381 15384 15387 15390 15393 15396 15399 15402 15405 15408 15411 15414 15417 15420 15423 15426 15429 15432 15435 15438 15441 15444 15447 15450 15453 15456 15459 15462 15465 15468 15471 15474 15477 15480 15483 15486 15489 15492 15495 15498 15501 15504 15507 15510 15513 15516 15519 15522 15525 15528 15531 15534 15537 15540 15543 15546 15549 15552 15554 15556 15558 15560 15562 15564 15566 15568 15570 15572 15574 15576 15578 15580 15582 15584 15586 15588 15590 15592 15594 15596 15598 15600 15602 15604 15606 15608 15610 15612 15614 15616 15618 15620 15622 15624 15626 15628 15630 15632 15634 15636 15638 15640 15642 15644 15646 15648 15650 15652 15654 15656 15658 15660 15662 15664 15666 15668 15670 15672 15674 15676 15678 15680 15682 15684 15686 15688 15690 15692 15694 15696 15698 15700 15702 15704 15706 15708 15710 15712 15714 15716 15718 15720 15722 15724 15726 15728 15730 15732 15734 15736 15738 15740 15742 15744 15746 15748 15750 15752 15754 15756 15758 15760 15762 15764 15766 15768 15770 15772 15774 15776 15778 15780 15782 15784 15786 15788 15790 15792 15794 15796 15798 15800 15802 15804 15806 15808 15810 15812 15814 15816 15818 15820 15822 15824 15826 15828 15830 15832 15834 15836 15838 15840 15842 15844 15846 15848 15850 15852 15854 15856 15858 15860 15862 15864 15866 15868 15870 15872 15874 15876 15878 15880 15882 15884 15886 15888 15890 15892 15894 15896 15898 15900 15902 15904 15906 15908 15910 15912 15914 15916 15918 15920 15922 15924 15926 15928 15930 15932 
</DataArray>
<DataArray type="UInt8" Name="types" format="ascii" >
5 5 5 5 5 5 5 5 5 5 5 5 5 5 5 5 5 5 5 5 5 5 5 5 5 5 5 5 5 5 5 5 5 5 5 5 5 5 5 5 5 5 5 5 5 5 5 5 5 5 5 5 5 5 5 5 5 5 5 5 5 5 5 5 5 5 5 5 5 5 5 5 5 5 5 5 5 5 5 5 5 5 5 5 5 5 5 5 5 5 5 5 5 5 5 5 5 5 5 5 5 5 5 5 5 5 5 5 5 5 5 5 5 5 5 5 5 5 5 5 5 5 5 5 5 5 5 5 5 5 5 5 5 5 5 5 5 5 5 5 5 5 5 5 5 5 5 5 5 5 5 5 5 5 5 5 5 5 5 5 5 5 5 5 5 5 5 5 5 5 5 5 5 5 5 5 5 5 5 5 5 5 5 5 5 5 5 5 5 5 5 5 5 5 5 5 5 5 5 5 5 5 5 5 5 5 5 5 5 5 5 5 5 5 5 5 5 5 5 5 5 5 5 5 5 5 5 5 5 5 5 5 5 5 5 5 5 5 5 5 5 5 5 5 5 5 5 5 5 5 5 5 5 5 5 5 5 5 5 5 5 5 5 5 5 5 5 5 5 5 5 5 5 5 5 5 5 5 5 5 5 5 5 5 5 5 5 5 5 5 5 5 5 5 5 5 5 5 5 5 5 5 5 5 5 5 5 5 5 5 5 5 5 5 5 5 5 5 5 5 5 5 5 5 5 5 5 5 5 5 5 5 5 5 5 5 5 5 5 5 5 5 5 5 5 5 5 5 5 5 5 5 5 5 5 5 5 5 5 5 5 5 5 5 5 5 5 5 5 5 5 5 5 5 5 5 5 5 5 5 5 5 5 5 5 5 5 5 5 5 5 5 5 5 5 5 5 5 5 5 5 5 5 5 5 5 5 5 5 5 5 5 5 5 5 5 5 5 5 5 5 5 5 5 5 5 5 5 5 5 5 5 5 5 5 5 5 5 5 5 5 5 5 5 5 5 5 5 5 5 5 5 5 5 5 5 5 5 5 5 5 5 5 5 5 5 5 5 5 5 5 5 5 5 5 5 5 5 5 5 5 5 5 5 5 5 5 5 5 5 5 5 5 5 5 5 5 5 5 5 5 5 5 5 5 5 5 5 5 5 5 5 5 5 5 5 5 5 5 5 5 5 5 5 5 5 5 5 5 5 5 5 5 5 5 5 5 5 5 5 5 5 5 5 5 5 5 5 5 5 5 5 5 5 5 5 5 5 5 5 5 5 5 5 5 5 5 5 5 5 5 5 5 5 5 5 5 5 5 5 5 5 5 5 5 5 5 5 5 5 5 5 5 5 5 5 5 5 5 5 5 5 5 5 5 5 5 5 5 5 5 5 5 5 5 5 5 5 5 5 5 5 5 5 5 5 5 5 5 5 5 5 5 5 5 5 5 5 5 5 5 5 5 5 5 5 5 5 5 5 5 5 5 5 5 5 5 5 5 5 5 5 5 5 5 5 5 5 5 5 5 5 5 5 5 5 5 5 5 5 5 5 5 5 5 5 5 5 5 5 5 5 5 5 5 5 5 5 5 5 5 5 5 5 5 5 5 5 5 5 5 5 5 5 5 5 5 5 5 5 5 5 5 5 5 5 5 5 5 5 5 5 5 5 5 5 5 5 5 5 5 5 5 5 5 5 5 5 5 5 5 5 5 5 5 5 5 5 5 5 5 5 5 5 5 5 5 5 5 5 5 5 5 5 5 5 5 5 5 5 5 5 5 5 5 5 5 5 5 5 5 5 5 5 5 5 5 5 5 5 5 5 5 5 5 5 5 5 5 5 5 5 5 5 5 5 5 5 5 5 5 5 5 5 5 5 5 5 5 5 5 5 5 5 5 5 5 5 5 5 5 5 5 5 5 5 5 5 5 5 5 5 5 5 5 5 5 5 5 5 5 5 5 5 5 5 5 5 5 5 5 5 5 5 5 5 5 5 5 5 5 5 5 5 5 5 5 5 5 5 5 5 5 5 5 5 5 5 5 5 5 5 5 5 5 5 5 5 5 5 5 5 5 5 5 5 5 5 5 5 5 5 5 5 5 5 5 5 5 5 5 5 5 5 5 5 5 5 5 5 5 5 5 5 5 5 5 5 5 5 5 5 5 5 5 5 5 5 5 5 5 5 5 5 5 5 5 5 5 5 5 5 5 5 5 5 5 5 5 5 5 5 5 5 5 5 5 5 5 5 5 5 5 5 5 5 5 5 5 5 5 5 5 5 5 5 5 5 5 5 5 5 5 5 5 5 5 5 5 5 5 5 5 5 5 5 5 5 5 5 5 5 5 5 5 5 5 5 5 5 5 5 5 5 5 5 5 5 5 5 5 5 5 5 5 5 5 5 5 5 5 5 5 5 5 5 5 5 5 5 5 5 5 5 5 5 5 5 5 5 5 5 5 5 5 5 5 5 5 5 5 5 5 5 5 5 5 5 5 5 5 5 5 5 5 5 5 5 5 5 5 5 5 5 5 5 5 5 5 5 5 5 5 5 5 5 5 5 5 5 5 5 5 5 5 5 5 5 5 5 5 5 5 5 5 5 5 5 5 5 5 5 5 5 5 5 5 5 5 5 5 5 5 5 5 5 5 5 5 5 5 5 5 5 5 5 5 5 5 5 5 5 5 5 5 5 5 5 5 5 5 5 5 5 5 5 5 5 5 5 5 5 5 5 5 5 5 5 5 5 5 5 5 5 5 5 5 5 5 5 5 5 5 5 5 5 5 5 5 5 5 5 5 5 5 5 5 5 5 5 5 5 5 5 5 5 5 5 5 5 5 5 5 5 5 5 5 5 5 5 5 5 5 5 5 5 5 5 5 5 5 5 5 5 5 5 5 5 5 5 5 5 5 5 5 5 5 5 5 5 5 5 5 5 5 5 5 5 5 5 5 5 5 5 5 5 5 5 5 5 5 5 5 5 5 5 5 5 5 5 5 5 5 5 5 5 5 5 5 5 5 5 5 5 5 5 5 5 5 5 5 5 5 5 5 5 5 5 5 5 5 5 5 5 5 5 5 5 5 5 5 5 5 5 5 5 5 5 5 5 5 5 5 5 5 5 5 5 5 5 5 5 5 5 5 5 5 5 5 5 5 5 5 5 5 5 5 5 5 5 5 5 5 5 5 5 5 5 5 5 5 5 5 5 5 5 5 5 5 5 5 5 5 5 5 5 5 5 5 5 5 5 5 5 5 5 5 5 5 5 5 5 5 5 5 5 5 5 5 5 5 5 5 5 5 5 5 5 5 5 5 5 5 5 5 5 5 5 5 5 5 5 5 5 5 5 5 5 5 5 5 5 5 5 5 5 5 5 5 5 5 5 5 5 5 5 5 5 5 5 5 5 5 5 5 5 5 5 5 5 5 5 5 5 5 5 5 5 5 5 5 5 5 5 5 5 5 5 5 5 5 5 5 5 5 5 5 5 5 5 5 5 5 5 5 5 5 5 5 5 5 5 5 5 5 5 5 5 5 5 5 5 5 5 5 5 5 5 5 5 5 5 5 5 5 5 5 5 5 5 5 5 5 5 5 5 5 5 5 5 5 5 5 5 5 5 5 5 5 5 5 5 5 5 5 5 5 5 5 5 5 5 5 5 5 5 5 5 5 5 5 5 5 5 5 5 5 5 5 5 5 5 5 5 5 5 5 5 5 5 5 5 5 5 5 5 5 5 5 5 5 5 5 5 5 5 5 5 5 5 5 5 5 5 5 5 5 5 5 5 5 5 5 5 5 5 5 5 5 5 5 5 5 5 5 5 5 5 5 5 5 5 5 5 5 5 5 5 5 5 5 5 5 5 5 5 5 5 5 5 5 5 5 5 5 5 5 5 5 5 5 5 5 5 5 5 5 5 5 5 5 5 5 5 5 5 5 5 5 5 5 5 5 5 5 5 5 5 5 5 5 5 5 5 5 5 5 5 5 5 5 5 5 5 5 5 5 5 5 5 5 5 5 5 5 5 5 5 5 5 5 5 5 5 5 5 5 5 5 5 5 5 5 5 5 5 5 5 5 5 5 5 5 5 5 5 5 5 5 5 5 5 5 5 5 5 5 5 5 5 5 5 5 5 5 5 5 5 5 5 5 5 5 5 5 5 5 5 5 5 5 5 5 5 5 5 5 5 5 5 5 5 5 5 5 5 5 5 5 5 5 5 5 5 5 5 5 5 5 5 5 5 5 5 5 5 5 5 5 5 5 5 5 5 5 5 5 5 5 5 5 5 5 5 5 5 5 5 5 5 5 5 5 5 5 5 5 5 5 5 5 5 5 5 5 5 5 5 5 5 5 5 5 5 5 5 5 5 5 5 5 5 5 5 5 5 5 5 5 5 5 5 5 5 5 5 5 5 5 5 5 5 5 5 5 5 5 5 5 5 5 5 5 5 5 5 5 5 5 5 5 5 5 5 5 5 5 5 5 5 5 5 5 5 5 5 5 5 5 5 5 5 5 5 5 5 5 5 5 5 5 5 5 5 5 5 5 5 5 5 5 5 5 5 5 5 5 5 5 5 5 5 5 5 5 5 5 5 5 5 5 5 5 5 5 5 5 5 5 5 5 5 5 5 5 5 5 5 5 5 5 5 5 5 5 5 5 5 5 5 5 5 5 5 5 5 5 5 5 5 5 5 5 5 5 5 5 5 5 5 5 5 5 5 5 5 5 5 5 5 5 5 5 5 5 5 5 5 5 5 5 5 5 5 5 5 5 5 5 5 5 5 5 5 5 5 5 5 5 5 5 5 5 5 5 5 5 5 5 5 5 5 5 5 5 5 5 5 5 5 5 5 5 5 5 5 5 5 5 5 5 5 5 5 5 5 5 5 5 5 5 5 5 5 5 5 5 5 5 5 5 5 5 5 5 5 5 5 5 5 5 5 5 5 5 5 5 5 5 5 5 5 5 5 5 5 5 5 5 5 5 5 5 5 5 5 5 5 5 5 5 5 5 5 5 5 5 5 5 5 5 5 5 5 5 5 5 5 5 5 5 5 5 5 5 5 5 5 5 5 5 5 5 5 5 5 5 5 5 5 5 5 5 5 5 5 5 5 5 5 5 5 5 5 5 5 5 5 5 5 5 5 5 5 5 5 5 5 5 5 5 5 5 5 5 5 5 5 5 5 5 5 5 5 5 5 5 5 5 5 5 5 5 5 5 5 5 5 5 5 5 5 5 5 5 5 5 5 5 5 5 5 5 5 5 5 5 5 5 5 5 5 5 5 5 5 5 5 5 5 5 5 5 5 5 5 5 5 5 5 5 5 5 5 5 5 5 5 5 5 5 5 5 5 5 5 5 5 5 5 5 5 5 5 5 5 5 5 5 5 5 5 5 5 5 5 5 5 5 5 5 5 5 5 5 5 5 5 5 5 5 5 5 5 5 5 5 5 5 5 5 5 5 5 5 5 5 5 5 5 5 5 5 5 5 5 5 5 5 5 5 5 5 5 5 5 5 5 5 5 5 5 5 5 5 5 5 5 5 5 5 5 5 5 5 5 5 5 5 5 5 5 5 5 5 5 5 5 5 5 5 5 5 5 5 5 5 5 5 5 5 5 5 5 5 5 5 5 5 5 5 5 5 5 5 5 5 5 5 5 5 5 5 5 5 5 5 5 5 5 5 5 5 5 5 5 5 5 5 5 5 5 5 5 5 5 5 5 5 5 5 5 5 5 5 5 5 5 5 5 5 5 5 5 5 5 5 5 5 5 5 5 5 5 5 5 5 5 5 5 5 5 5 5 5 5 5 5 5 5 5 5 5 5 5 5 5 5 5 5 5 5 5 5 5 5 5 5 5 5 5 5 5 5 5 5 5 5 5 5 5 5 5 5 5 5 5 5 5 5 5 5 5 5 5 5 5 5 5 5 5 5 5 5 5 5 5 5 5 5 5 5 5 5 5 5 5 5 5 5 5 5 5 5 5 5 5 5 5 5 5 5 5 5 5 5 5 5 5 5 5 5 5 5 5 5 5 5 5 5 5 5 5 5 5 5 5 5 5 5 5 5 5 5 5 5 5 5 5 5 5 5 5 5 5 5 5 5 5 5 5 5 5 5 5 5 5 5 5 5 5 5 5 5 5 5 5 5 5 5 5 5 5 5 5 5 5 5 5 5 5 5 5 5 5 5 5 5 5 5 5 5 5 5 5 5 5 5 5 5 5 5 5 5 5 5 5 5 5 5 5 5 5 5 5 5 5 5 5 5 5 5 5 5 5 5 5 5 5 5 5 5 5 5 5 5 5 5 5 5 5 5 5 5 5 5 5 5 5 5 5 5 5 5 5 5 5 5 5 5 5 5 5 5 5 5 5 5 5 5 5 5 5 5 5 5 5 5 5 5 5 5 5 5 5 5 5 5 5 5 5 5 5 5 5 5 5 5 5 5 5 5 5 5 5 5 5 5 5 5 5 5 5 5 5 5 5 5 5 5 5 5 5 5 5 5 5 5 5 5 5 5 5 5 5 5 5 5 5 5 5 5 5 5 5 5 5 5 5 5 5 5 5 5 5 5 5 5 5 5 5 5 5 5 5 5 5 5 5 5 5 5 5 5 5 5 5 5 5 5 5 5 5 5 5 5 5 5 5 5 5 5 5 5 5 5 5 5 5 5 5 5 5 5 5 5 5 5 5 5 5 5 5 5 5 5 5 5 5 5 5 5 5 5 5 5 5 5 5 5 5 5 5 5 5 5 5 5 5 5 5 5 5 5 5 5 5 5 5 5 5 5 5 5 5 5 5 5 5 5 5 5 5 5 5 5 5 5 5 5 5 5 5 5 5 5 5 5 5 5 5 5 5 5 5 5 5 5 5 5 5 5 5 5 5 5 5 5 5 5 5 5 5 5 5 5 5 5 5 5 5 5 5 5 5 5 5 5 5 5 5 5 5 5 5 5 5 5 5 5 5 5 5 5 5 5 5 5 5 5 5 5 5 5 5 5 5 5 5 5 5 5 5 5 5 5 5 5 5 5 5 5 5 5 5 5 5 5 5 5 5 5 5 5 5 5 5 5 5 5 5 5 5 5 5 5 5 5 5 5 5 5 5 5 5 5 5 5 5 5 5 5 5 5 5 5 5 5 5 5 5 5 5 5 5 5 5 5 5 5 5 5 5 5 5 5 5 5 5 5 5 5 5 5 5 5 5 5 5 5 5 5 5 5 5 5 5 5 5 5 5 5 5 5 5 5 5 5 5 5 5 5 5 5 5 5 5 5 5 5 5 5 5 5 5 5 5 5 5 5 5 5 5 5 5 5 5 5 5 5 5 5 5 5 5 5 5 5 5 5 5 5 5 5 5 5 5 5 5 5 5 5 5 5 5 5 5 5 5 5 5 5 5 5 5 5 5 5 5 5 5 5 5 5 5 5 5 5 5 5 5 5 5 5 5 5 5 5 5 5 5 5 5 5 5 5 5 5 5 5 5 5 5 5 5 5 5 5 5 5 5 5 5 5 5 5 5 5 5 5 5 5 5 5 5 5 5 5 5 5 5 5 5 5 5 5 5 5 5 5 5 5 5 5 5 5 5 5 5 5 5 5 5 5 5 5 5 5 5 5 5 5 5 5 5 5 5 5 5 5 5 5 5 5 5 5 5 5 5 5 5 5 5 5 5 5 5 5 5 5 5 5 5 5 5 5 5 5 5 5 5 5 5 5 5 5 5 5 5 5 5 5 5 5 5 5 5 5 5 5 5 5 5 5 5 5 5 5 5 5 5 5 5 5 5 5 5 5 5 5 5 5 5 5 5 5 5 5 5 5 5 5 5 5 5 5 5 5 5 5 5 5 5 5 5 5 5 5 5 5 5 5 5 5 5 5 5 5 5 5 5 5 5 5 5 5 5 5 5 5 5 5 5 5 5 5 5 5 5 5 5 5 5 5 5 5 5 5 5 5 5 5 5 5 5 5 5 5 5 5 5 5 5 5 5 5 5 5 5 5 5 5 5 5 5 5 5 5 5 5 5 5 5 5 5 5 5 5 5 5 5 5 5 5 5 5 5 5 5 5 5 5 5 5 5 5 5 5 5 5 5 5 5 5 5 5 5 5 5 5 5 5 5 5 5 5 5 5 5 5 5 5 5 5 5 5 5 5 5 5 5 5 5 5 5 5 5 5 5 5 5 5 5 5 5 5 5 5 5 5 5 5 5 5 5 5 5 5 5 5 5 5 5 5 5 5 5 5 5 5 5 5 5 5 5 5 5 5 5 5 5 5 5 5 5 5 5 5 5 5 5 5 5 5 5 5 5 5 5 5 5 5 5 5 5 5 5 5 5 5 5 5 5 5 5 5 5 5 5 5 5 5 5 5 5 5 5 5 5 5 5 5 5 5 5 5 5 5 5 5 5 5 5 5 5 5 5 5 5 5 5 5 5 5 5 5 5 5 5 5 5 5 5 5 5 5 5 5 5 5 5 5 5 5 5 5 5 5 5 5 5 5 5 5 5 5 5 5 5 5 5 5 5 5 5 5 5 5 5 5 5 5 5 5 5 5 5 5 5 5 5 5 5 5 5 5 5 5 5 5 5 5 5 5 5 5 5 5 5 5 5 5 5 5 5 5 5 5 5 5 5 5 5 5 5 5 5 5 5 5 5 5 5 5 5 5 5 5 5 5 5 5 5 5 5 5 5 5 5 5 5 5 5 5 5 5 5 5 5 5 5 5 5 5 5 5 5 5 5 5 5 5 5 5 5 5 5 5 5 5 5 5 5 5 5 5 5 5 5 5 5 5 5 5 5 5 5 5 5 5 5 5 5 5 5 5 5 5 5 5 5 5 5 5 5 5 5 5 5 5 5 5 5 5 5 5 5 5 5 5 5 5 5 5 5 5 5 5 5 5 5 5 5 5 5 5 5 5 5 5 5 5 5 5 5 5 5 5 5 5 5 5 5 5 5 5 5 5 5 5 5 5 5 5 5 5 5 5 5 5 5 5 5 5 5 5 5 5 5 5 5 5 5 5 5 5 5 5 5 5 5 5 5 5 5 5 5 5 5 5 5 5 5 5 5 5 5 5 5 5 5 5 5 5 5 5 5 5 5 5 5 5 5 5 5 5 5 5 5 5 5 5 5 5 5 5 5 5 5 5 5 5 5 5 5 5 5 5 5 5 5 5 5 5 5 5 5 5 5 5 5 5 5 5 5 5 5 5 5 5 5 5 5 5 5 5 5 5 5 5 5 5 5 5 5 5 5 5 5 5 5 5 5 5 5 5 5 5 5 5 5 5 5 5 5 5 5 5 5 5 5 5 5 5 5 5 5 5 5 5 5 5 5 5 5 5 5 5 5 5 5 5 5 5 5 5 5 5 5 5 5 5 5 5 5 5 5 5 5 5 5 5 5 5 5 5 5 5 5 5 5 5 5 5 5 5 5 5 5 5 5 5 5 5 5 5 5 5 5 5 5 5 5 5 5 5 5 5 5 5 5 5 5 5 5 5 5 5 5 5 5 5 5 5 5 5 5 5 5 5 5 5 5 5 5 5 5 5 5 5 5 5 5 5 5 5 5 5 5 5 5 5 5 5 5 5 5 5 5 5 5 5 5 5 5 5 5 5 5 5 5 5 5 5 5 5 5 5 5 5 5 5 5 5 5 5 5 5 5 5 5 5 5 5 5 5 5 5 5 5 5 5 5 5 5 5 5 5 5 5 5 5 5 5 5 5 5 5 5 5 5 5 5 5 5 5 5 5 5 5 5 5 5 5 5 5 5 5 5 5 5 5 5 5 5 5 5 5 5 5 5 5 5 5 5 5 5 5 5 5 5 5 5 5 5 5 5 5 5 5 5 5 5 5 5 5 5 5 5 5 5 5 5 5 5 5 5 5 5 5 5 5 5 5 5 5 5 5 5 5 5 5 5 5 5 5 5 5 5 5 5 5 5 5 5 5 5 5 5 5 5 5 5 5 5 5 5 5 5 5 5 5 5 5 5 5 5 5 5 5 5 5 5 5 5 5 5 5 5 5 5 5 5 5 5 5 5 5 5 5 5 5 5 5 5 5 5 5 5 5 5 5 5 5 5 5 5 5 5 5 5 5 5 5 5 5 5 5 5 5 5 5 5 5 5 5 5 5 5 5 5 5 5 5 5 5 5 5 5 5 5 5 5 5 5 5 5 5 5 5 5 5 5 5 5 5 5 5 5 5 5 5 5 5 5 5 5 5 5 5 5 5 5 5 5 5 5 5 5 5 5 5 5 5 5 5 5 5 5 5 5 5 5 5 5 5 5 5 5 5 5 5 5 5 5 5 5 5 5 5 5 5 5 5 5 5 5 5 5 5 5 5 5 5 5 5 5 5 5 5 5 5 5 5 5 5 5 5 5 5 5 5 5 5 5 5 5 5 5 5 5 5 5 5 5 5 5 5 5 5 5 5 5 5 5 5 5 5 5 5 5 5 5 5 5 5 5 5 5 5 5 5 5 5 5 5 5 5 5 5 5 5 5 5 5 5 5 5 5 5 5 5 5 5 5 5 5 5 5 5 5 5 5 5 5 5 5 5 5 5 5 5 5 5 5 5 5 5 5 5 5 5 5 5 5 5 5 5 5 5 5 5 5 5 5 5 5 5 5 5 5 5 5 5 5 5 5 5 5 5 5 5 5 5 5 5 5 5 5 5 5 5 5 5 5 5 5 5 5 5 5 5 5 5 5 5 5 5 5 5 5 5 5 5 5 5 5 5 5 5 5 5 5 5 5 5 5 5 5 5 5 5 5 5 5 5 5 5 5 5 5 5 5 5 5 5 5 5 5 5 5 5 5 5 5 5 5 5 5 5 5 5 5 5 5 5 5 5 5 5 5 5 5 5 5 5 5 5 5 5 5 5 5 5 5 5 5 5 5 5 5 5 5 5 5 5 5 5 5 5 5 5 5 5 5 5 5 5 5 5 5 5 5 5 5 5 5 5 5 5 5 5 5 5 5 5 5 5 5 5 5 5 5 5 5 5 5 5 5 5 5 5 5 5 5 5 5 5 5 5 5 5 5 5 5 5 5 5 5 5 5 5 5 5 5 5 5 5 5 5 5 5 5 5 5 5 5 5 5 5 5 5 5 5 5 5 5 5 5 5 5 5 5 5 5 5 5 5 5 5 5 5 5 5 5 5 5 5 5 5 5 5 5 5 5 5 5 5 5 5 5 5 5 5 5 5 5 5 5 5 5 5 5 5 5 5 5 5 5 5 5 5 5 5 5 5 5 5 5 5 5 5 5 5 5 5 5 5 5 5 5 5 5 5 5 5 5 5 5 5 5 5 5 5 5 5 5 5 5 5 5 5 5 5 5 5 5 5 5 5 5 5 5 5 5 5 5 5 5 5 5 5 5 5 5 5 5 5 5 5 5 5 5 5 5 5 5 5 5 5 5 5 5 5 5 5 5 5 5 5 5 5 5 5 5 5 5 5 5 5 5 5 5 5 5 5 5 5 5 5 5 5 5 5 5 5 5 5 5 5 5 5 5 5 5 5 5 5 5 5 5 5 5 5 5 5 5 5 5 5 5 5 5 5 5 5 5 5 5 5 5 5 5 5 5 5 5 5 5 5 5 5 5 5 5 5 5 5 5 5 5 5 5 5 5 5 5 5 5 5 5 5 5 5 5 5 5 5 5 5 5 5 5 5 5 5 5 5 5 5 5 5 5 5 3 3 3 3 3 3 3 3 3 3 3 3 3 3 3 3 3 3 3 3 3 3 3 3 3 3 3 3 3 3 3 3 3 3 3 3 3 3 3 3 3 3 3 3 3 3 3 3 3 3 3 3 3 3 3 3 3 3 3 3 3 3 3 3 3 3 3 3 3 3 3 3 3 3 3 3 3 3 3 3 3 3 3 3 3 3 3 3 3 3 3 3 3 3 3 3 3 3 3 3 3 3 3 3 3 3 3 3 3 3 3 3 3 3 3 3 3 3 3 3 3 3 3 3 3 3 3 3 3 3 3 3 3 3 3 3 3 3 3 3 3 3 3 3 3 3 3 3 3 3 3 3 3 3 3 3 3 3 3 3 3 3 3 3 3 3 3 3 3 3 3 3 3 3 3 3 3 3 3 3 3 3 3 3 3 3 3 3 3 3 
</DataArray>
</Cells>
<CellData Scalars="Label">
<DataArray type="Int32" Name="Label" format="ascii">
0 0 0 0 0 0 0 0 0 0 0 0 0 0 0 0 0 0 0 0 0 0 0 0 0 0 0 0 0 0 0 0 0 0 0 0 0 0 0 0 0 0 0 0 0 0 0 0 0 0 0 0 0 0 0 0 0 0 0 0 0 0 0 0 0 0 0 0 0 0 0 0 0 0 0 0 0 0 0 0 0 0 0 0 0 0 0 0 0 0 0 0 0 0 0 0 0 0 0 0 0 0 0 0 0 0 0 0 0 0 0 0 0 0 0 0 0 0 0 0 0 0 0 0 0 0 0 0 0 0 0 0 0 0 0 0 0 0 0 0 0 0 0 0 0 0 0 0 0 0 0 0 0 0 0 0 0 0 0 0 0 0 0 0 0 0 0 0 0 0 0 0 0 0 0 0 0 0 0 0 0 0 0 0 0 0 0 0 0 0 0 0 0 0 0 0 0 0 0 0 0 0 0 0 0 0 0 0 0 0 0 0 0 0 0 0 0 0 0 0 0 0 0 0 0 0 0 0 0 0 0 0 0 0 0 0 0 0 0 0 0 0 0 0 0 0 0 0 0 0 0 0 0 0 0 0 0 0 0 0 0 0 0 0 0 0 0 0 0 0 0 0 0 0 0 0 0 0 0 0 0 0 0 0 0 0 0 0 0 0 0 0 0 0 0 0 0 0 0 0 0 0 0 0 0 0 0 0 0 0 0 0 0 0 0 0 0 0 0 0 0 0 0 0 0 0 0 0 0 0 0 0 0 0 0 0 0 0 0 0 0 0 0 0 0 0 0 0 0 0 0 0 0 0 0 0 0 0 0 0 0 0 0 0 0 0 0 0 0 0 0 0 0 0 0 0 0 0 0 0 0 0 0 0 0 0 0 0 0 0 0 0 0 0 0 0 0 0 0 0 0 0 0 0 0 0 0 0 0 0 0 0 0 0 0 0 0 0 0 0 0 0 0 0 0 0 0 0 0 0 0 0 0 0 0 0 0 0 0 0 0 0 0 0 0 0 0 0 0 0 0 0 0 0 0 0 0 0 0 0 0 0 0 0 0 0 0 0 0 0 0 0 0 0 0 0 0 0 0 0 0 0 0 0 0 0 0 0 0 0 0 0 0 0 0 0 0 0 0 0 0 0 0 0 0 0 0 0 0 0 0 0 0 0 0 0 0 0 0 0 0 0 0 0 0 0 0 0 0 0 0 0 0 0 0 0 0 0 0 0 0 0 0 0 0 0 0 0 0 0 0 0 0 0 0 0 0 0 0 0 0 0 0 0 0 0 0 0 0 0 0 0 0 0 0 0 0 0 0 0 0 0 0 0 0 0 0 0 0 0 0 0 0 0 0 0 0 0 0 0 0 0 0 0 0 0 0 0 0 0 0 0 0 0 0 0 0 0 0 0 0 0 0 0 0 0 0 0 0 0 0 0 0 0 0 0 0 0 0 0 0 0 0 0 0 0 0 0 0 0 0 0 0 0 0 0 0 0 0 0 0 0 0 0 0 0 0 0 0 0 0 0 0 0 0 0 0 0 0 0 0 0 0 0 0 0 0 0 0 0 0 0 0 0 0 0 0 0 0 0 0 0 0 0 0 0 0 0 0 0 0 0 0 0 0 0 0 0 0 0 0 0 0 0 0 0 0 0 0 0 0 0 0 0 0 0 0 0 0 0 0 0 0 0 0 0 0 0 0 0 0 0 0 0 0 0 0 0 0 0 0 0 0 0 0 0 0 0 0 0 0 0 0 0 0 0 0 0 0 0 0 0 0 0 0 0 0 0 0 0 0 0 0 0 0 0 0 0 0 0 0 0 0 0 0 0 0 0 0 0 0 0 0 0 0 0 0 0 0 0 0 0 0 0 0 0 0 0 0 0 0 0 0 0 0 0 0 0 0 0 0 0 0 0 0 0 0 0 0 0 0 0 0 0 0 0 0 0 0 0 0 0 0 0 0 0 0 0 0 0 0 0 0 0 0 0 0 0 0 0 0 0 0 0 0 0 0 0 0 0 0 0 0 0 0 0 0 0 0 0 0 0 0 0 0 0 0 0 0 0 0 0 0 0 0 0 0 0 0 0 0 0 0 0 0 0 0 0 0 0 0 0 0 0 0 0 0 0 0 0 0 0 0 0 0 0 0 0 0 0 0 0 0 0 0 0 0 0 0 0 0 0 0 0 0 0 0 0 0 0 0 0 0 0 0 0 0 0 0 0 0 0 0 0 0 0 0 0 0 0 0 0 0 0 0 0 0 0 0 0 0 0 0 0 0 0 0 0 0 0 0 0 0 0 0 0 0 0 0 0 0 0 0 0 0 0 0 0 0 0 0 0 0 0 0 0 0 0 0 0 0 0 0 0 0 0 0 0 0 0 0 0 0 0 0 0 0 0 0 0 0 0 0 0 0 0 0 0 0 0 0 0 0 0 0 0 0 0 0 0 0 0 0 0 0 0 0 0 0 0 0 0 0 0 0 0 0 0 0 0 0 0 0 0 0 0 0 0 0 0 0 0 0 0 0 0 0 0 0 0 0 0 0 0 0 0 0 0 0 0 0 0 0 0 0 0 0 0 0 0 0 0 0 0 0 0 0 0 0 0 0 0 0 0 0 0 0 0 0 0 0 0 0 0 0 0 0 0 0 0 0 0 0 0 0 0 0 0 0 0 0 0 0 0 0 0 0 0 0 0 0 0 0 0 0 0 0 0 0 0 0 0 0 0 0 0 0 0 0 0 0 0 0 0 0 0 0 0 0 0 0 0 0 0 0 0 0 0 0 0 0 0 0 0 0 0 0 0 0 0 0 0 0 0 0 0 0 0 0 0 0 0 0 0 0 0 0 0 0 0 0 0 0 0 0 0 0 0 0 0 0 0 0 0 0 0 0 0 0 0 0 0 0 0 0 0 0 0 0 0 0 0 0 0 0 0 0 0 0 0 0 0 0 0 0 0 0 0 0 0 0 0 0 0 0 0 0 0 0 0 0 0 0 0 0 0 0 0 0 0 0 0 0 0 0 0 0 0 0 0 0 0 0 0 0 0 0 0 0 0 0 0 0 0 0 0 0 0 0 0 0 0 0 0 0 0 0 0 0 0 0 0 0 0 0 0 0 0 0 0 0 0 0 0 0 0 0 0 0 0 0 0 0 0 0 0 0 0 0 0 0 0 0 0 0 0 0 0 0 0 0 0 0 0 0 0 0 0 0 0 0 0 0 0 0 0 0 0 0 0 0 0 0 0 0 0 0 0 0 0 0 0 0 0 0 0 0 0 0 0 0 0 0 0 0 0 0 0 0 0 0 0 0 0 0 0 0 0 0 0 0 0 0 0 0 0 0 0 0 0 0 0 0 0 0 0 0 0 0 0 0 0 0 0 0 0 0 0 0 0 0 0 0 0 0 0 0 0 0 0 0 0 0 0 0 0 0 0 0 0 0 0 0 0 0 0 0 0 0 0 0 0 0 0 0 0 0 0 0 0 0 0 0 0 0 0 0 0 0 0 0 0 0 0 0 0 0 0 0 0 0 0 0 0 0 0 0 0 0 0 0 0 0 0 0 0 0 0 0 0 0 0 0 0 0 0 0 0 0 0 0 0 0 0 0 0 0 0 0 0 0 0 0 0 0 0 0 0 0 0 0 0 0 0 0 0 0 0 0 0 0 0 0 0 0 0 0 0 0 0 0 0 0 0 0 0 0 0 0 0 0 0 0 0 0 0 0 0 0 0 0 0 0 0 0 0 0 0 0 0 0 0 0 0 0 0 0 0 0 0 0 0 0 0 0 0 0 0 0 0 0 0 0 0 0 0 0 0 0 0 0 0 0 0 0 0 0 0 0 0 0 0 0 0 0 0 0 0 0 0 0 0 0 0 0 0 0 0 0 0 0 0 0 0 0 0 0 0 0 0 0 0 0 0 0 0 0 0 0 0 0 0 0 0 0 0 0 0 0 0 0 0 0 0 0 0 0 0 0 0 0 0 0 0 0 0 0 0 0 0 0 0 0 0 0 0 0 0 0 0 0 0 0 0 0 0 0 0 0 0 0 0 0 0 0 0 0 0 0 0 0 0 0 0 0 0 0 0 0 0 0 0 0 0 0 0 0 0 0 0 0 0 0 0 0 0 0 0 0 0 0 0 0 0 0 0 0 0 0 0 0 0 0 0 0 0 0 0 0 0 0 0 0 0 0 0 0 0 0 0 0 0 0 0 0 0 0 0 0 0 0 0 0 0 0 0 0 0 0 0 0 0 0 0 0 0 0 0 0 0 0 0 0 0 0 0 0 0 0 0 0 0 0 0 0 0 0 0 0 0 0 0 0 0 0 0 0 0 0 0 0 0 0 0 0 0 0 0 0 0 0 0 0 0 0 0 0 0 0 0 0 0 0 0 0 0 0 0 0 0 0 0 0 0 0 0 0 0 0 0 0 0 0 0 0 0 0 0 0 0 0 0 0 0 0 0 0 0 0 0 0 0 0 0 0 0 0 0 0 0 0 0 0 0 0 0 0 0 0 0 0 0 0 0 0 0 0 0 0 0 0 0 0 0 0 0 0 0 0 0 0 0 0 0 0 0 0 0 0 0 0 0 0 0 0 0 0 0 0 0 0 0 0 0 0 0 0 0 0 0 0 0 0 0 0 0 0 0 0 0 0 0 0 0 0 0 0 0 0 0 0 0 0 0 0 0 0 0 0 0 0 0 0 0 0 0 0 0 0 0 0 0 0 0 0 0 0 0 0 0 0 0 0 0 0 0 0 0 0 0 0 0 0 0 0 0 0 0 0 0 0 0 0 0 0 0 0 0 0 0 0 0 0 0 0 0 0 0 0 0 0 0 0 0 0 0 0 0 0 0 0 0 0 0 0 0 0 0 0 0 0 0 0 0 0 0 0 0 0 0 0 0 0 0 0 0 0 0 0 0 0 0 0 0 0 0 0 0 0 0 0 0 0 0 0 0 0 0 0 0 0 0 4 4 4 4 4 4 4 4 4 4 4 4 4 4 4 4 4 4 4 4 4 4 4 4 4 4 4 4 4 4 4 4 4 4 4 4 4 4 4 4 4 4 4 4 4 4 4 4 4 4 4 4 4 4 4 4 4 4 4 4 4 4 4 4 4 4 4 4 4 4 4 4 4 4 4 4 4 4 4 4 4 4 4 4 4 4 4 4 4 4 4 4 4 4 4 4 4 4 4 4 4 4 4 4 4 4 4 4 4 4 4 4 4 4 4 4 4 4 4 4 4 4 4 4 4 4 4 4 4 4 4 4 4 4 4 4 4 4 4 4 4 4 4 4 4 4 4 4 4 4 4 4 4 4 4 4 4 4 4 4 4 4 4 4 4 4 4 4 4 4 4 4 4 4 4 4 4 4 4 4 4 4 4 4 4 4 4 4 4 4 4 4 4 4 4 4 4 4 4 4 4 4 4 4 4 4 4 4 4 4 4 4 4 4 4 4 4 4 4 4 4 4 4 4 4 4 4 4 4 4 4 4 4 4 4 4 4 4 4 4 4 4 4 4 4 4 4 4 4 4 4 4 4 4 4 4 4 4 4 4 4 4 4 4 4 4 4 4 4 4 4 4 4 4 4 4 4 4 4 4 4 4 4 4 4 4 4 4 4 4 4 4 4 4 4 4 4 4 4 4 4 4 4 4 4 4 4 4 4 4 4 4 4 4 4 4 4 4 4 4 4 4 4 4 4 4 4 4 4 4 4 4 4 4 4 4 4 4 4 4 4 4 4 4 4 4 4 4 4 4 4 4 4 4 4 4 4 4 4 4 4 4 4 4 4 4 4 4 4 4 4 4 4 4 4 4 4 4 4 4 4 4 4 4 4 4 4 4 4 4 4 4 4 4 4 4 4 4 4 4 4 4 4 4 4 4 4 4 4 4 4 4 4 4 4 4 4 4 4 4 4 4 4 4 4 4 4 4 4 4 4 4 4 4 4 4 4 4 4 4 4 4 4 4 4 4 4 4 4 4 4 4 4 4 4 4 4 4 4 4 4 4 4 4 4 4 4 4 4 4 4 4 4 4 4 4 4 4 4 4 4 4 4 4 4 4 4 4 4 4 4 4 4 4 4 4 4 4 4 4 4 4 4 4 4 4 4 4 4 4 4 4 4 4 4 4 4 4 4 4 4 4 4 4 4 4 4 4 4 4 4 4 4 4 4 4 4 4 4 4 4 4 4 4 4 4 4 4 4 4 4 4 4 4 4 4 4 4 4 4 4 4 4 4 4 4 4 4 4 4 4 4 4 4 4 4 4 4 4 4 4 4 4 4 4 4 4 4 4 4 4 4 4 4 4 4 4 4 4 4 4 4 4 4 4 4 4 4 4 4 4 4 4 4 4 4 4 4 4 4 4 4 4 4 4 4 4 4 4 4 4 4 4 4 4 4 4 4 4 4 4 4 4 4 4 4 4 4 4 4 4 4 4 4 4 4 4 4 4 4 4 4 4 4 4 4 4 4 4 4 4 4 4 4 4 4 4 4 4 4 4 4 4 4 4 4 4 4 4 4 4 4 4 4 4 4 4 4 4 4 4 4 4 4 4 4 4 4 4 4 4 4 4 4 4 4 4 4 4 4 4 4 4 4 4 4 4 4 4 4 4 4 4 4 4 4 4 4 4 4 4 4 4 4 4 4 4 4 4 4 4 4 4 4 4 4 4 4 4 4 4 4 4 4 4 4 4 4 4 4 4 4 4 4 4 4 4 4 4 4 4 4 4 4 4 4 4 4 4 4 4 4 4 4 4 4 4 4 4 4 4 4 4 4 4 4 4 4 4 4 4 4 4 4 4 4 4 4 4 4 4 4 4 4 4 4 4 4 4 4 4 4 4 4 4 4 4 4 4 4 4 4 4 4 4 4 4 4 4 4 4 4 4 4 4 4 4 4 4 4 4 4 4 4 4 4 4 4 4 4 4 4 4 4 4 4 4 4 4 4 4 4 4 4 4 4 4 4 4 4 4 4 4 4 4 4 4 4 4 4 4 4 4 4 4 4 4 4 4 4 4 4 4 4 4 4 4 4 4 4 4 4 4 4 4 4 4 4 4 4 4 4 4 4 4 4 4 4 4 4 4 4 4 4 4 4 4 4 4 4 4 4 4 4 4 4 4 4 4 4 4 4 4 4 4 4 4 4 4 4 4 4 4 4 4 4 4 4 4 4 4 4 4 4 4 4 4 4 4 4 4 4 4 4 4 4 4 4 4 4 4 4 4 4 4 4 4 4 4 4 4 4 4 4 4 4 4 4 4 4 4 4 4 4 4 4 4 4 4 4 4 4 4 4 4 4 4 4 4 4 4 4 4 4 4 4 4 4 4 4 4 4 4 4 4 4 4 4 4 4 4 4 4 4 4 4 4 4 4 4 4 4 4 4 4 4 4 4 4 4 4 4 4 4 4 4 4 4 4 4 4 4 4 4 4 4 4 4 4 4 4 4 4 4 4 4 4 4 4 4 4 4 4 4 4 4 4 4 4 4 4 4 4 4 4 4 4 4 4 4 4 4 4 4 4 4 4 4 4 4 4 4 4 4 4 4 4 4 4 4 4 4 4 4 4 4 4 4 4 4 4 4 4 4 4 4 4 4 4 4 4 4 4 4 4 4 4 4 4 4 4 4 4 4 4 4 4 4 4 4 4 4 4 4 4 4 4 4 4 4 4 4 4 4 4 4 4 4 4 4 4 4 4 4 4 4 4 4 4 4 4 4 4 4 4 4 4 4 4 4 4 4 4 4 4 4 4 4 4 4 4 4 4 4 4 4 4 4 4 4 4 4 4 4 4 4 4 4 4 4 4 4 4 4 4 4 4 4 4 4 4 4 4 4 4 4 4 4 4 4 4 4 4 4 4 4 4 4 4 4 4 4 4 4 4 4 4 4 4 4 4 4 4 4 4 4 4 4 4 4 4 4 4 4 4 4 4 4 4 4 4 4 4 4 4 4 4 4 4 4 4 4 4 4 4 4 4 4 4 4 4 4 4 4 4 4 4 4 4 4 4 4 4 4 4 4 4 4 4 4 4 4 4 4 4 4 4 4 4 4 4 4 4 4 4 4 4 4 4 4 4 4 4 4 4 4 4 4 4 4 4 4 4 4 4 4 4 4 4 4 4 4 4 4 4 4 4 4 4 4 4 4 4 4 4 4 4 4 4 4 4 4 4 4 4 4 4 4 4 4 4 4 4 4 4 4 4 4 4 4 4 4 4 4 4 4 4 4 4 4 4 4 4 4 4 4 4 4 4 4 4 4 4 4 4 4 4 4 4 4 4 4 4 4 4 4 4 4 4 4 4 4 4 4 4 4 4 4 4 4 4 4 4 4 4 4 4 4 4 4 4 4 4 4 4 4 4 4 4 4 4 4 4 4 4 4 4 4 4 4 4 4 4 4 4 4 4 4 4 4 4 4 4 4 4 4 4 4 4 4 4 4 4 4 4 4 4 4 4 4 4 4 4 4 4 4 4 4 4 4 4 4 4 4 4 4 4 4 4 4 4 4 4 4 4 4 4 4 4 4 4 4 4 4 4 4 4 4 4 4 4 4 4 4 4 4 4 4 4 4 4 4 4 4 4 4 4 4 4 4 4 4 4 4 4 4 4 4 4 4 4 4 4 4 4 4 4 4 4 4 4 4 4 4 4 4 4 4 4 4 4 4 4 4 4 4 4 4 4 4 4 4 4 4 4 4 4 4 4 4 4 4 4 4 4 4 4 4 4 4 4 4 4 4 4 4 4 4 4 4 4 4 4 4 4 4 4 4 4 4 4 4 4 4 4 4 4 4 4 4 4 4 4 4 4 4 4 4 4 4 4 4 4 4 4 4 4 4 4 4 4 4 4 4 4 4 4 4 4 4 4 4 4 4 4 4 4 4 4 4 4 4 4 4 4 4 4 4 4 4 4 4 4 4 4 4 4 4 4 4 4 4 4 4 4 4 4 4 4 4 4 4 4 4 4 4 4 4 4 4 4 4 4 4 4 4 4 4 4 4 4 4 4 4 4 4 4 4 4 4 4 4 4 4 4 4 4 4 4 4 4 4 4 4 4 4 4 4 4 4 4 4 4 4 4 4 4 4 4 4 4 4 4 4 4 4 4 4 4 4 4 4 4 4 4 4 4 4 4 4 4 4 4 4 4 4 4 4 4 4 4 4 4 4 4 4 4 4 4 4 4 4 4 4 4 4 4 4 4 4 4 4 4 4 4 4 4 4 4 4 4 4 4 4 4 4 4 4 4 4 4 4 4 4 4 4 4 4 4 4 4 4 4 4 4 4 4 4 4 4 4 4 4 4 4 4 4 4 4 4 4 4 4 4 4 4 4 4 4 4 4 4 4 4 4 4 4 4 4 4 4 4 4 4 4 4 4 4 4 4 4 4 4 4 4 4 4 4 4 4 4 4 4 4 4 4 4 4 4 4 4 4 4 4 4 4 4 4 4 4 4 4 4 4 4 4 4 4 4 4 4 4 4 4 4 4 4 4 4 4 4 4 4 4 4 4 4 4 4 4 4 4 4 4 4 4 4 4 4 4 4 4 4 4 4 4 4 4 4 4 4 4 4 4 4 4 4 4 4 4 4 4 4 4 4 4 4 4 4 4 4 4 4 4 4 4 4 4 4 4 4 4 4 4 4 4 4 4 4 4 4 4 4 4 4 4 4 4 4 4 4 4 4 4 4 4 4 4 4 4 4 4 4 4 4 4 4 4 4 4 4 4 4 4 4 4 4 4 4 4 4 4 4 4 4 4 4 4 4 4 4 4 4 4 4 4 4 4 4 4 4 4 4 4 4 4 4 4 4 4 4 4 4 4 4 4 4 4 4 4 4 4 4 4 4 4 4 4 4 4 4 4 4 4 4 4 4 4 4 4 4 4 4 4 4 4 4 4 4 4 4 4 4 4 4 4 4 4 4 4 4 4 4 4 4 4 4 4 4 4 4 4 4 4 4 4 4 4 4 4 4 4 4 4 4 4 4 4 4 4 4 4 4 4 4 4 4 4 4 4 4 4 4 4 4 4 4 4 4 4 4 4 4 4 4 4 4 4 4 4 4 4 4 4 4 4 4 4 4 4 4 4 4 4 4 4 4 4 4 4 4 4 4 4 4 4 4 4 4 4 4 4 4 4 4 4 4 4 4 4 4 4 4 4 4 4 4 4 4 4 4 4 4 4 4 4 4 4 4 4 4 4 4 4 4 4 4 4 4 4 4 4 4 4 4 4 4 4 4 4 4 4 4 4 4 4 4 4 4 4 4 4 4 4 4 4 4 4 4 4 4 4 4 4 4 4 4 4 4 4 4 4 4 4 4 4 4 4 4 4 4 4 4 4 4 4 4 4 4 4 4 4 4 4 4 4 4 4 4 4 4 4 4 4 4 4 4 4 4 4 4 4 4 4 4 4 4 4 4 4 4 4 4 4 4 4 4 4 4 4 4 4 4 4 4 4 4 4 4 4 4 4 4 4 4 4 4 4 4 4 4 4 4 4 4 4 4 4 4 4 4 4 4 4 4 4 4 4 4 4 4 4 4 4 4 4 4 4 4 4 4 4 4 4 4 4 4 4 4 4 4 4 4 4 4 4 4 4 4 4 4 4 4 4 4 4 4 4 4 4 4 4 4 4 4 4 4 4 4 4 4 4 4 4 4 4 4 4 4 4 4 4 4 4 4 4 4 4 4 4 4 4 4 4 4 4 4 4 4 4 4 4 4 4 4 4 4 4 4 4 4 4 4 4 4 4 4 4 4 4 4 4 4 4 4 4 4 4 4 4 4 4 4 4 4 4 4 4 4 4 4 4 4 4 4 4 4 4 4 4 4 4 4 4 4 4 4 4 4 4 4 4 4 4 4 4 4 4 4 4 4 4 4 4 4 4 4 4 4 4 4 4 4 4 4 4 4 4 4 4 4 4 4 4 4 4 4 4 4 4 4 4 4 4 4 4 4 4 4 4 4 4 4 4 4 4 4 4 4 4 4 4 4 4 4 4 4 4 4 4 4 4 4 4 4 4 4 4 4 4 4 4 4 4 4 4 4 4 4 4 4 4 4 4 4 4 4 4 4 4 4 4 4 4 4 4 4 4 4 4 4 4 4 4 4 4 4 4 4 4 4 4 4 4 4 4 4 4 4 4 4 4 4 4 4 4 4 4 4 4 4 4 4 4 4 4 4 4 4 4 4 4 4 4 4 4 4 4 4 4 4 4 4 4 4 4 4 4 4 4 4 4 4 4 4 4 4 4 4 4 4 4 4 4 4 4 4 4 4 4 4 4 4 4 4 4 4 4 4 4 4 4 4 4 4 4 4 4 4 4 4 4 4 4 4 4 4 4 4 4 4 4 4 4 4 4 4 4 4 4 4 4 4 4 4 4 4 4 4 4 4 4 4 4 4 4 4 4 4 4 4 4 4 4 4 4 4 4 4 4 4 4 4 4 4 4 4 4 4 4 4 4 4 4 4 4 4 4 4 4 4 4 4 4 4 4 4 4 4 4 4 4 4 4 4 4 4 4 4 4 4 4 4 4 4 4 4 4 4 4 4 4 4 4 4 4 4 4 4 4 4 4 4 4 4 4 4 4 4 4 4 4 4 4 4 4 4 4 4 4 4 4 4 4 4 4 4 4 4 4 4 4 4 4 4 4 4 4 4 4 4 4 4 4 4 4 4 4 4 4 4 4 5 5 5 5 5 5 5 5 5 5 5 5 5 5 5 5 5 5 5 5 5 5 5 5 5 5 5 5 5 5 5 5 5 5 5 5 5 5 5 5 5 5 5 5 5 5 5 5 5 5 4 4 4 4 4 4 4 4 4 4 4 4 4 4 4 4 4 4 4 4 3 3 3 3 3 3 3 3 3 3 3 3 3 3 3 3 3 3 3 3 3 3 3 3 3 3 3 3 3 3 3 3 3 3 3 3 3 3 3 3 3 3 3 3 3 3 3 3 3 3 2 2 2 2 2 2 2 2 2 2 2 2 2 2 2 2 2 2 2 2 10 10 10 10 10 10 10 10 10 10 10 10 10 10 10 10 10 10 10 10 10 10 10 10 10 10 10 10 10 10 10 10 10 10 10 10 10 10 10 10 10 10 10 10 10 10 10 10 10 10 
</DataArray>
</CellData>
<PointData>
<DataArray type="Float64" Name="Az" NumberOfComponents="1" format="ascii">
-6.6561853485522554e-38 -3.7834573162208195e-03 -2.7113776787477486e-34 -1.1148030860752419e-05 -8.8085635626180268e-04 -2.0205351911795795e-03 2.7011635545679444e-34 -6.4477083059606491e-03 -2.9294627233401008e-03 -4.0091118806675407e-03 -5.4318622519949765e-34 4.1637204146744127e-05 8.9615710406275989e-04 -1.8703048364844819e-03 -1.1760604287874960e-03 2.0537254441760117e-03 5.4302044162262950e-34 -8.7877032114747327e-03 -9.0675189385929864e-03 -4.9634652401177289e-03 -5.6204060428473911e-03 -1.7780112545924826e-03 -2.7917042311455249e-03 -8.2010331192268632e-34 3.0475731201643749e-04 1.8569524591391508e-03 3.0156910899520792e-03 3.9461110158869293e-03 5.7342944130432975e-03 -7.6099056870110619e-03 -1.3480785676949754e-02 -2.4640016664838578e-06 6.5900128333430527e-03 8.1889391511811038e-34 -7.3709581400793192e-03 -1.1563993051011913e-02 -1.2566363268326523e-02 -5.3377876008633435e-03 -3.5141208124514233e-03 -1.0973116508103577e-33 4.0780326768982541e-03 2.6574096892607872e-03 5.9837153073353721e-03 8.7592780303331046e-03 -8.7407975150862686e-03 -1.6105825943202760e-02 -1.6531382042967873e-02 -9.5490481187962214e-04 2.2259780027626599e-03 8.7835571228613209e-03 5.0333123909446307e-03 1.2368110687572709e-02 -3.1035960991843827e-02 -2.1014706563780298e-02 1.0960264843441728e-33 -4.4611375135121152e-03 -9.2085836376974099e-03 -1.4209999932406224e-02 -1.3828129401021386e-02 -1.6505423235056202e-02 -5.7798110963413734e-03 -1.3701591892580770e-33 8.8880326839962161e-03 3.5138933942835591e-03 7.3701968676090452e-03 1.2557463754793786e-02 -9.7818116855198679e-03 -1.9516368523426534e-02 -2.3269167439341779e-02 -2.0199553615347313e-02 -4.8684005560237491e-04 2.6332823861586071e-03 1.1563264945520213e-02 7.1222026754826006e-03 1.6105953142176919e-02 1.6385319732048678e-02 -3.1920922604466849e-02 -2.7605851642181628e-02 -3.3743086783905425e-02 -2.5118765392803239e-02 -2.6287784731857358e-02 -3.7256272087684082e-02 -5.0812678503161568e-02 -2.0621823995005121e-02 -9.0080958631705579e-02 -7.4246829583398205e-02 2.6288343216092646e-02 -8.5560860477444337e-02 -1.0847960035560797e-01 -5.3440122201449128e-02 2.1016135502077662e-02 -6.0406482088776046e-02 3.1044663244280676e-02 3.7268631648742938e-02 -1.0518280479770049e-01 -4.0100835280855833e-02 -4.4213945355968058e-02 4.3782005700146266e-02 -4.6670078516247861e-02 -4.3764333972469545e-02 -8.2354344425804762e-02 -9.8162502209623984e-02 -5.0546849092043496e-02 -9.3056339009983308e-02 3.1929820795956111e-02 -7.5243690631891805e-02 1.3702533450029755e-33 -1.6358375247576364e-33 -5.1497608080000026e-03 -1.0492700905980404e-02 -1.5989336178675363e-02 -1.8535306385045556e-02 -1.4014914026776291e-02 -9.3874515879328203e-03 -1.3637314174589237e-03 1.1309053786877056e-02 4.4614628528435686e-03 9.2094652844593328e-03 2.0194610509905075e-02 1.5411763433426323e-02 -2.1696103831930436e-02 -2.8964626135244920e-02 -2.5643707916131405e-02 2.8537077099178472e-03 1.4211884695181353e-02 1.1202588040120467e-02 6.8029876486988541e-03 1.9519769075401931e-02 2.3432866760591746e-02 -3.7911665142139027e-02 -2.5316997077293613e-02 -3.1979939951825374e-02 -3.8801280755925260e-02 -4.8025990899550404e-02 -5.7691247182644574e-02 -2.5201195401976875e-02 -7.9900795079986320e-02 -8.7928375035111250e-02 -6.4852230199362579e-02 -7.2219141272511431e-02 2.5124236231284045e-02 -8.1121611584848666e-02 -9.0390140343199255e-02 -1.0713853026607932e-01 -1.2138857456811671e-01 -1.1709305184953488e-01 -6.0265213763291962e-02 -5.2963424243790892e-02 -6.7694463701873264e-02 2.7615278374604892e-02 3.3756644420016281e-02 4.0119701851728945e-02 3.7917249835826866e-02 -9.4467391311925664e-02 -9.5357390434651731e-02 -1.0391472536969819e-01 -4.5795679706513708e-02 -4.1294746914946417e-02 4.4224680778336634e-02 4.6696061390085926e-02 5.0570130291798791e-02 -9.8234384090135046e-02 2.8211354998930068e-02 3.3262461248857934e-02 -7.4950404416633601e-02 1.9873340807111832e-02 9.6580256584714905e-02 6.7613143170949186e-02 6.0318556123169213e-02 5.3477578993093300e-02 6.0446503504764194e-02 8.8321335646347379e-02 7.5804748148864065e-02 1.6361306929878017e-33 -1.8875399470616987e-33 -6.1674972685185269e-03 -1.2440258902995291e-02 -1.8816039709939166e-02 -1.9878539659818211e-02 -2.3742577547709056e-02 -1.3816393463292309e-02 -9.6058849202821806e-03 -2.7534253401108677e-03 1.8121908080583075e-03 1.8516875339147993e-02 5.1507742837806911e-03 1.0495016372752417e-02 2.4618715967025560e-02 -3.3966501337046186e-02 -2.9837575525255840e-02 1.5993377049772581e-02 1.5695230129907648e-02 1.2143513741874553e-02 7.8196404096194608e-03 2.1702453139927916e-02 -2.0475574243732048e-02 -2.7372315454882435e-02 -3.4361499084232611e-02 -4.1441084294906443e-02 -4.6575136616986909e-02 -5.4053852825150801e-02 -3.9572618428956340e-02 -6.2428506914275927e-02 -2.8902877791645069e-02 -7.7455275931507347e-02 -8.5725337650947628e-02 -6.9536870792701974e-02 -7.3775705889984458e-02 -8.0667638088354490e-02 -8.7741870702144231e-02 -9.4660392249636641e-02 -1.0473837076116564e-01 -1.1972470692847879e-01 -1.3090434854711444e-01 -1.3022658099557949e-01 -1.1409684118427811e-01 -5.5916428269054373e-02 -6.3268654535023852e-02 -4.8626537354211609e-02 2.5326791426323044e-02 3.1994226830932955e-02 3.8821523090078164e-02 4.5823867283278523e-02 4.1299917680146146e-02 -9.2473086684802822e-02 -1.0060204532396273e-01 5.0838301169257978e-02 5.3002258166701059e-02 5.5802441606664969e-02 3.3960716040509209e-02 2.9321969726531203e-02 8.6495800725563857e-02 1.0529281773803646e-01 1.0095907361128920e-01 9.5188093209969973e-02 7.2423043880931681e-02 7.1364917199370978e-02 6.5559663691955192e-02 5.5961980152286199e-02 6.3328937626945747e-02 9.0928111603192335e-02 8.0217209723825109e-02 7.8117079701027672e-02 8.3049182335433888e-02 7.8215395675983693e-02 -1.1082939765292496e-01 -6.6353790264962645e-02 1.1345447751915683e-01 -4.7808328496280410e-02 8.4804828210085559e-02 -1.3944332759464748e-01 1.8880475881500717e-33 -2.1169581739009375e-33 -6.8050600900676486e-03 -1.3629119025545427e-02 -2.3038870098479484e-02 -1.3370107756986303e-02 -2.7197314915245820e-02 -8.8290571684846303e-03 -1.7604350985165708e-05 5.5813875434839516e-03 1.9855374586439475e-02 2.3724240928566342e-02 6.1692434216647990e-03 1.2444067210290602e-02 -3.4294709279740897e-02 1.8822445718277393e-02 1.6583276263701017e-02 1.1091798623714974e-02 -1.4717340847421640e-02 -2.2013358174630543e-02 -2.9305761667334035e-02 -3.6640085706907972e-02 -4.4012979909519606e-02 -4.1127513377931725e-02 -6.1246636888576102e-02 -5.3910438621692210e-02 -7.4950733823981333e-02 -6.7587870599042074e-02 -8.2353297277916404e-02 -6.9536861192864605e-02 -8.0438161473802547e-02 -9.3437294962922302e-02 -1.0212723871686588e-01 -1.2681559957697111e-01 -1.1752945592572109e-01 -1.2948321856688189e-01 -1.1768219989360086e-01 -1.4585895178074124e-01 -1.3622222383932958e-01 -1.0795879719119313e-01 -5.1436211508817727e-02 -5.8901457246890825e-02 2.7384122116853978e-02 2.0483394296197558e-02 3.4378545953258594e-02 4.1465078887200794e-02 4.8659806904068903e-02 4.7151428746813981e-02 3.9565676769311477e-02 -8.9627963416075360e-02 -9.6417331593263808e-02 5.5079453332147789e-02 3.4953122828151530e-02 2.9905051857687593e-02 8.4289712765291278e-02 8.1506401555668767e-02 1.1755020540418058e-01 1.0364990616473142e-01 1.0758367788928855e-01 9.5791854241775151e-02 9.2345715113959739e-02 7.0117394555420931e-02 7.3868465601408792e-02 6.2452198206644029e-02 5.8951663212730050e-02 5.1472790269332942e-02 6.6422730447331879e-02 7.3101279213330372e-02 8.4467333236031436e-02 1.2231328913339441e-01 -4.4645857412125366e-02 9.1607401702416533e-02 -1.3537669776671357e-01 4.6826294182191724e-02 -1.4108499535580329e-01 -8.6239924953173938e-02 1.2957138200309357e-01 1.3646591688374712e-01 2.1176251865450885e-33 -2.3176633692531471e-33 -7.3831568375210205e-03 -2.7573978108346435e-02 -1.9562004194805225e-02 -1.2629492796881645e-02 -3.3903287705782430e-02 -4.4734853293410771e-03 4.4299566697207507e-03 1.1146006334126901e-02 2.5158726376981442e-02 6.8072777612948688e-03 1.3633851331497483e-02 2.1284280389176242e-02 1.6810592182833147e-02 -2.3404369444095921e-02 -1.5681495189551000e-02 -3.1092655013164716e-02 -3.8794900832452621e-02 -4.6502730102439389e-02 -5.4217929451169287e-02 -6.0088109734566401e-02 -4.9856219928557433e-02 -7.2269781600957553e-02 -6.6264019634794294e-02 -7.9256951209818308e-02 -6.1918362340924689e-02 -7.2816274544512671e-02 -8.7852696871114591e-02 -8.0240232693218644e-02 -9.8958264096628709e-02 -1.1108075468513935e-01 -1.3297046476787353e-01 -1.2410963667752706e-01 -1.2312915638507739e-01 -1.1189906838557050e-01 -1.5099527974429730e-01 -1.4091974145609779e-01 -1.0233573722142399e-01 2.2021786105911354e-02 2.9318568765683062e-02 1.4722472300841923e-02 3.6658591384417967e-02 4.4039115673115602e-02 4.1112042678239126e-02 5.3335944759220030e-02 -9.1879555854601738e-02 3.3871974918285093e-02 7.4909501373844445e-02 8.1621942856620763e-02 1.3041406211039572e-01 1.1324821236375592e-01 1.0030568866759736e-01 1.2013252056743595e-01 1.0787991829743379e-01 1.0143447178672739e-01 8.9483578188901292e-02 6.7572678616188889e-02 6.0352290528037415e-02 6.9608527123645722e-02 8.0541787053264202e-02 6.1972286372810735e-02 5.4255550770176499e-02 9.3202640855616845e-02 9.3589717961450214e-02 -4.0289893599677815e-02 -1.3227103043289301e-01 4.5773188684160658e-02 -1.4501082823651437e-01 -8.3061245413335608e-02 1.3937079381966425e-01 1.2708147310111395e-01 1.4606466798200027e-01 1.4126741100901899e-01 1.5115175209699158e-01 1.4513911281677724e-01 2.3412462880389676e-02 7.2682482199508111e-02 -1.4811293324794703e-01 8.6104486446598225e-02 2.3183962249764794e-33 -2.4813798830502272e-33 -7.8865189477614044e-03 -2.9188711553549601e-02 -3.5891263033427094e-02 -2.2578362639687131e-02 -1.7543719216550204e-02 -1.0534272524448995e-02 -1.8290662115636408e-03 1.0483556959017147e-02 5.3815467748540525e-03 1.5767459487152715e-02 3.0213532058556168e-02 2.6131872663691665e-02 7.3855669593392058e-03 2.2531645290666948e-02 -3.2694292221618099e-02 -2.4752041723698878e-02 -1.6493198525306587e-02 -4.1534318043283655e-02 -4.9451479759206989e-02 -5.6959420043298570e-02 -5.6799482116384144e-02 -4.3908513414308674e-02 -5.0946116871139160e-02 -7.4714651244236860e-02 -6.6942708004232757e-02 -6.2060829871662129e-02 -6.7265793832311890e-02 -9.3697870124810623e-02 -8.0142462083386393e-02 -1.0294723985811785e-01 -1.1556384869759483e-01 -1.3751900716963483e-01 -1.2856971404901174e-01 -1.1796189200629661e-01 -1.0423722172944398e-01 -1.1091351962458076e-01 -1.5507068244908748e-01 -1.4671837925346909e-01 -1.3624900188716052e-01 -9.6526851557758989e-02 3.1105577572724637e-02 3.8813053382740798e-02 1.5686458946060969e-02 4.6528246998023319e-02 4.0252331218404998e-02 5.2661922639985016e-02 -8.7419628135364316e-02 3.5846561455775257e-02 6.6209325728926224e-02 7.7838293722039778e-02 1.1692163166787850e-01 1.2951721594211416e-01 1.0749919004362672e-01 9.6186339926974770e-02 1.1375783773252157e-01 1.0233661452657870e-01 6.0054224254240569e-02 6.6187699425326055e-02 7.6066060512432157e-02 8.6470772335746890e-02 5.6992814325630407e-02 9.9079084870130077e-02 -1.2571884319951718e-01 4.8514656906446893e-02 -7.9087729608097943e-02 1.3516666153904389e-01 1.1957743222121416e-01 1.3480420980134877e-01 1.4259357325388214e-01 1.4659286278693262e-01 1.5514642633239770e-01 1.4819945570000329e-01 2.4757980821484265e-02 6.9624946158666712e-02 -1.5046666362007213e-01 -1.5830748350231441e-01 8.2941120325093542e-02 9.1724031125295091e-02 -6.3828968015403982e-03 -1.1846191099025120e-01 3.3173922695482312e-02 -1.5212870897691816e-01 1.5052493358244248e-01 2.4809894191664726e-33 7.8887406476339083e-03 -8.3279649694935187e-03 -2.5968352548394423e-33 -3.6200767813174002e-02 -2.5587631196405117e-02 -1.9552040930929802e-02 -1.1208171869665393e-02 -2.1596210778725491e-03 4.2329429568550526e-03 1.1150315654059497e-02 1.9495346356289241e-02 3.0889601903861610e-02 2.5530509748397351e-02 -4.3291830991750400e-02 -2.9912532355172317e-02 -3.4799349866573674e-02 -2.1415731124645454e-02 -1.2972295293768362e-02 -5.2881176637120365e-02 -6.0871390860039572e-02 -5.6099620439185989e-02 -4.6601529075449948e-02 -6.7778195271730290e-02 -7.5038989635288419e-02 -6.0937329483971119e-02 -7.2175098113664890e-02 -9.6037248978899745e-02 -8.4814192409506661e-02 -1.0687536992740940e-01 -8.3081083285053522e-02 -1.4132183088990033e-01 -1.2517901620500280e-01 -1.3665474005130818e-01 -1.1898119893308805e-01 -1.0779299875341700e-01 -9.8517176005532461e-02 -1.4991999249939400e-01 -1.3942902843854335e-01 -1.2926793399014214e-01 -9.0902299632579772e-02 4.0806284012559736e-02 1.6500122533211706e-02 5.0021925869930095e-02 4.3856648734194974e-02 5.4853008852033695e-02 -8.2721108931113826e-02 3.9159566161172749e-02 6.1989419137203385e-02 7.2911330573949260e-02 1.2264486824216703e-01 1.1147166626765091e-01 1.0205755983066118e-01 1.1122796286775594e-01 6.9955966295575531e-02 5.9888966145123908e-02 7.8994997765380118e-02 9.1201147241083649e-02 1.0304706183019530e-01 1.3204776255029974e-01 1.2425489466243707e-01 1.3207725191315853e-01 1.3980284372041407e-01 1.3609042864417500e-01 1.4988060353785501e-01 1.3938126184209113e-01 1.5837414756590976e-01 2.1304312311119851e-02 2.9942423145127215e-02 6.3904479820954388e-02 -1.6069479055223479e-01 -1.5343816605709362e-01 7.8969620790029144e-02 8.7339201728721769e-02 9.6376613661893595e-02 -1.1371511773760853e-01 3.8754792395173369e-02 -1.5315021081256944e-01 -1.6232883058343009e-01 1.5216034773166645e-01 1.6074068449650067e-01 -2.6496957243495680e-33 -5.5616590175814787e-02 -1.3139409136859681e-01 -1.6339983119779439e-01 -1.1696876553781056e-01 -6.9260055323979441e-02 1.6233483955175756e-01 -1.6334680050574657e-01 -5.4714787733420221e-02 -1.6385581832961701e-01 8.3567472040562696e-03 2.5964729516049294e-33 -8.6584751688231123e-03 -2.8501904989918798e-02 -3.7011120978499262e-02 -4.1928045494155373e-02 -2.3813569787370679e-02 -1.6615421921080339e-02 -4.9409355914006997e-03 -1.1743349624263979e-02 -3.0811734221370165e-05 4.8785429189398674e-03 1.4121691575851225e-02 1.8967071552092579e-02 2.3747871056465090e-02 3.4055589931554109e-02 2.8435410842165731e-02 -4.4307422590514949e-02 -2.6174651581742626e-02 -3.5258123747747255e-02 -1.7361570337058419e-02 -6.3115632825627835e-02 -5.3956151216885129e-02 -4.8108797439871523e-02 -6.1755375755745842e-02 -7.8140411034329116e-02 -7.4228978837229218e-02 -9.6470256897403253e-02 -1.0798763098474864e-01 -8.5109125678898834e-02 -1.4274400429183631e-01 -1.1973680365701478e-01 -1.0861315666850603e-01 -1.0194241643834276e-01 -9.2898725384300551e-02 -1.4405073389065878e-01 -1.3473363592847087e-01 -1.2571206924954945e-01 -8.5261071621635945e-02 5.1933973243390281e-02 1.7259045517173822e-02 4.6530468041529653e-02 5.6013945971630293e-02 3.9418378816970669e-02 7.4889634624974832e-02 6.7641592870405318e-02 1.1240733886355669e-01 1.2180639931472306e-01 1.0398892791765073e-01 1.1566537535242617e-01 7.2794017767758137e-02 6.1947982569723135e-02 8.3126731492367198e-02 9.4740009394536959e-02 1.0592766342191087e-01 1.2550038569920455e-01 1.2865359125963038e-01 1.3570555168221990e-01 1.4234883555200281e-01 1.2882713690395176e-01 1.4398114360314443e-01 1.5354391760290478e-01 1.3462765482529657e-01 1.2562243593758979e-01 2.5997576152699573e-02 3.4807709466682990e-02 5.9289306102823340e-02 -1.5524593031378786e-01 -1.4616653777296959e-01 8.2643479941313588e-02 9.0927802043359332e-02 9.8384129970605763e-02 4.3983944447863896e-02 -1.5354594586977829e-01 -1.5641633453170656e-01 1.5316552730783398e-01 1.5520072526607900e-01 -8.6791222132362820e-03 -2.6475898327970363e-33 -1.3098885107808692e-01 -1.6241420296784334e-01 -1.5318728184260252e-01 -1.5775516889105781e-01 -1.5723735753773546e-01 -1.1901004966242126e-01 -1.1072198148754422e-01 -6.5127245421116586e-02 -7.2655629857464613e-02 1.5639001068300004e-01 1.6334530255987451e-01 -1.5779647124651927e-01 -5.4449677579461127e-02 -4.9891761465385508e-02 2.6475508158763809e-33 -9.3458261858218913e-02 -7.4242190576421133e-02 1.5354915085421791e-01 7.7935827790266962e-02 6.3815804166799980e-02 -1.6074183195944491e-01 -1.5517549390554866e-01 1.2772024049297326e-01 1.6385328608297664e-01 8.6594204678781001e-03 -1.7405411481569846e-02 -2.8561385158716701e-02 -3.5537006894584673e-02 -4.2449749260455236e-02 -2.3137709687473359e-02 -1.7656803901998915e-02 -3.2831178033167755e-05 -1.2139557016731500e-02 -5.5655542119375642e-03 5.4995143922434535e-03 1.2071938469212925e-02 1.7587076467802634e-02 2.3065500121072110e-02 2.8486858418695301e-02 3.4409315194848494e-02 -4.3679520611150276e-02 -5.3724466239160495e-02 -2.5941701758426128e-02 -3.4361688677073184e-02 -6.3811415841956945e-02 -6.0997054371654043e-02 -8.1129859946721741e-02 -9.5504605864642655e-02 -1.0691658627271088e-01 -1.1851338382859748e-01 -8.3836200934988739e-02 -1.4235226547985261e-01 -1.0252872686299620e-01 -9.4998618634553222e-02 -8.7361947088798589e-02 -1.3672261615918890e-01 -1.2409761094945439e-01 5.3858691518529948e-02 2.1938241260777206e-02 1.3208495319165920e-02 4.5212378682807780e-02 5.0763640838167694e-02 3.9466750449570626e-02 6.9078302026398322e-02 6.0433453695032988e-02 1.0759382332287122e-01 1.1563992538113443e-01 1.1851843366987057e-01 7.4244957133895798e-02 8.4838235061202263e-02 1.0761509134840801e-01 9.6258141004596079e-02 1.1878657153545090e-01 1.3099213192679318e-01 1.4551034697577639e-01 1.3714846352270890e-01 1.4591018289111266e-01 1.3683181118593504e-01 1.1890666483369837e-01 1.1691898132793783e-01 3.0768583816097105e-02 3.9845190296462489e-02 5.4600852808467180e-02 -1.4143024935357293e-01 -1.4965138743947301e-01 -1.3823743127416357e-01 8.5660577351100886e-02 9.2813751347562756e-02 1.0072408286081443e-01 1.4728908851141889e-01 -1.2927484720351120e-02 -8.3012053595259306e-03 -2.5964122106420673e-33 -1.3570509661996386e-01 -1.2864916343207436e-01 -1.5218165455586441e-01 -1.5021171139808262e-01 -1.5022734110407956e-01 -1.4962374838200701e-01 -1.4728274263114802e-01 -1.1236803429141494e-01 -1.0233765192149015e-01 -1.0119713994286124e-01 -6.7957072196194790e-02 -7.5584947489461526e-02 1.4963794072604242e-01 1.5779609315525156e-01 -5.2849713048135072e-02 -4.7116399732011767e-02 -5.6901199390497946e-02 -4.4993485250117309e-02 2.6484627142162363e-33 -7.2204129268273118e-02 1.5317613980084233e-01 1.6339647421368697e-01 7.3237228338025720e-02 8.0335509013840345e-02 6.6393182334906861e-02 5.8914194610083681e-02 -1.5832675647273606e-01 -1.5355694728668745e-01 -1.5052918563502032e-01 -1.4611530887323501e-01 1.2926348111507641e-01 1.2399889248505161e-01 1.5774976454015777e-01 -9.5814439742430438e-02 -8.7250691451453158e-02 -1.4049874533753626e-01 1.6240542115542425e-01 8.6482924654547808e-03 -1.6638340949731874e-02 -2.7692956706363080e-02 -3.3760439012256865e-02 -3.8402768565662111e-02 -2.1590139592880572e-02 -1.5469550419984936e-02 -3.4017464340391939e-05 -9.2096436107529794e-03 9.1401905490810457e-03 1.5397491328461991e-02 2.1514437497610204e-02 2.7612547743080390e-02 3.3674888634099946e-02 -4.1184257753618198e-02 -5.1930784672481474e-02 -6.1943514437260185e-02 -2.4760383138007460e-02 -3.2708303459876013e-02 -6.3343717496317717e-02 -8.1641371903748164e-02 -1.0462406352896529e-01 -1.1566016751530848e-01 -7.8985952803588180e-02 -1.3980248380832630e-01 -9.4264242295245562e-02 -8.7739593926855541e-02 -1.2522400458058891e-01 -1.1734678475392665e-01 4.3977335255494319e-02 5.3567750348968449e-02 1.7311769090374025e-02 2.5750258322595726e-02 4.4888000214955648e-02 4.9780463453484580e-02 3.8305705780979249e-02 6.6990235317244406e-02 5.4315414430426687e-02 6.0825521535965613e-02 1.1022426922117565e-01 1.1973601324863038e-01 8.5102840351415479e-02 7.4011636088737814e-02 1.0798032327378194e-01 9.6386580738778413e-02 1.4233688750204018e-01 1.3097153318544119e-01 1.3321356686144800e-01 1.1225186952707676e-01 1.1725143678377038e-01 1.1058667943118861e-01 3.4483064587605056e-02 -1.2821776034283797e-01 -1.3055811600114875e-01 -1.4100418927147698e-01 8.6618640269560107e-02 9.3889183319155869e-02 1.0104834875296693e-01 1.3728772360985933e-01 -2.4829646420518640e-33 -7.8881460162077144e-03 -1.3207241785340845e-01 -1.2425036549969251e-01 -1.3995653862482982e-01 -1.3830205809904150e-01 -1.4031108251973290e-01 -1.0354535207521236e-01 -1.1028610500436890e-01 -9.6999622337508057e-02 -9.5306037037799260e-02 -7.0210240692872114e-02 -7.6112377426803893e-02 1.4239423347013935e-01 1.4428027280691258e-01 1.5020864685009397e-01 -4.8832410781989653e-02 -5.4509984822992165e-02 -5.8877692190977486e-02 -4.2548221888727762e-02 2.5994457801198305e-33 -6.9702574943853027e-02 1.5215766880174300e-01 1.5723588984168299e-01 6.8634475574188156e-02 7.5228186826597113e-02 8.1284650766502417e-02 6.2774269162289606e-02 7.2484160312737286e-02 -1.5514270980721290e-01 -1.4984761208684141e-01 -1.4819057770780766e-01 -1.4398098754550381e-01 -1.3683592797068722e-01 1.2366348672586659e-01 1.4962588686898481e-01 -8.9647230795604091e-02 -1.0117942318578665e-01 -1.3217968008774400e-01 -1.3321842293151051e-01 1.5518625006006612e-01 1.6069060099099661e-01 1.3566748396769793e-01 8.2984286709750308e-03 -4.4845638062507541e-02 8.1393124458459171e-02 -1.4512681667627916e-01 5.6746013239203828e-02 -8.3128729591124897e-02 1.5340305506116092e-01 -1.0363399144719132e-01 7.5809067143764466e-02 1.5834809108958089e-01 1.6640572217147254e-02 -1.5685631302199261e-02 -3.2648638497713274e-02 -2.5937833647811853e-02 -3.7967317288272046e-02 -1.9239670255959060e-02 -1.2557605749627635e-02 -3.3596463887647994e-03 3.2904553372460309e-03 -7.9527203884025184e-03 7.8825762340235198e-03 1.2485696281207971e-02 1.9163765418631476e-02 2.5855826866051420e-02 3.2559062608291896e-02 -3.8810869809388367e-02 -4.8907500229120493e-02 -5.8605620740047347e-02 -2.3410709195912441e-02 -3.1103154844550625e-02 -6.4983217129284024e-02 -7.6861944940689722e-02 -1.1122186955194534e-01 -7.6059583399608610e-02 -1.3479465436183821e-01 -8.8634415644540901e-02 -1.1806150181165266e-01 4.2880479328473824e-02 5.1921830634694348e-02 3.3166729623754831e-02 2.4614442037656729e-02 4.3347641784681791e-02 4.8825908884026679e-02 3.8784075046484845e-02 6.3147809292854587e-02 5.2708811428597339e-02 1.0271503394890159e-01 1.1847290304395132e-01 8.3805708235460200e-02 9.4695700522071227e-02 1.0687967587280321e-01 1.3975037677641963e-01 1.2858731691997702e-01 1.2560322192204140e-01 1.1095430421855558e-01 1.0492365867418349e-01 1.0428675866459987e-01 1.1820738192529655e-01 -1.2126012223281955e-01 -1.3224054478314898e-01 -1.2486006274067984e-01 8.7838580513341355e-02 9.5315816299232123e-02 1.3059008525607563e-01 1.3543401802420327e-01 -2.3182441743137875e-33 -7.3850914880246614e-03 -1.2610133926018488e-01 -1.1774797526295071e-01 -1.2772560792989165e-01 -1.3359248677980354e-01 -9.4787767308821672e-02 -1.1028191969806499e-01 -9.0792231518636815e-02 -7.0662287800822399e-02 1.4239483984241000e-01 1.3571084719746274e-01 -5.0190781432740465e-02 -6.0471680069278243e-02 -5.5838578908432412e-02 -4.0887734527926926e-02 2.4823793013487575e-33 -6.6181769170137197e-02 1.5049075177540941e-01 1.4729248515139817e-01 6.9979651014154362e-02 6.1138076904779702e-02 6.9916655371834988e-02 8.1250441483064109e-02 -1.5113672020139687e-01 -1.4659524157418422e-01 -1.3930494205026459e-01 -1.3478430806738001e-01 -1.2762716895603524e-01 -9.6733580756404022e-02 -8.2715227504728525e-02 -1.2515682871551745e-01 -1.2543572898176825e-01 1.4613181372844083e-01 7.8863197187992156e-03 -4.5917269524687714e-02 7.6629281665167193e-02 8.2138446014191915e-02 -1.4125909100529102e-01 5.8707759313103229e-02 -8.0244725177064144e-02 1.4420613940979543e-01 1.4990661100675537e-01 -9.5900953890471236e-02 -1.0332967514403361e-01 7.0677642743554495e-02 1.4814099840335926e-01 1.5511728887539109e-01 3.0056405018355232e-02 2.3077016573758748e-02 -2.1175199631102110e-33 1.2716543499121538e-01 4.0796702511875775e-02 -1.5923913323100333e-02 1.3544025418330222e-01 -4.6525303372464515e-02 1.0455505289469247e-01 1.4664540643309834e-01 1.4052168726232087e-01 -1.3607766740007340e-01 1.5682091995413202e-02 -1.4721590305026197e-02 -3.0657934090080281e-02 -2.3404313895413534e-02 -3.5712097591599552e-02 -1.2614790249959259e-02 -7.1653661520674743e-03 -1.8163383897930854e-03 3.5296910433275570e-03 8.0302640510481905e-03 1.2542912759332907e-02 1.9720470414897596e-02 2.6940642132584628e-02 3.4211792377002920e-02 -3.6656461568818716e-02 -2.9316917589795339e-02 -5.4250667168979687e-02 -2.2020597761180181e-02 -6.7347247065018823e-02 -7.3350993636321027e-02 -1.0231761028509953e-01 -6.9600899581907225e-02 -1.2707406140988162e-01 -8.3221063565067130e-02 -1.1251450781822082e-01 4.8886778869486065e-02 5.8579398456467535e-02 3.1093761003790014e-02 2.3404637132564271e-02 4.4729649969661667e-02 4.8705155415506074e-02 4.0781299938739940e-02 6.4761065375713675e-02 5.4362117571732815e-02 9.5169702213075524e-02 1.1557680162521090e-01 9.1128617820361843e-02 1.4028242330732618e-01 1.3221918269033597e-01 1.2412561430255599e-01 1.1823733053364523e-01 1.2405443290874850e-01 1.0281999089284498e-01 1.0798107731300775e-01 9.8996423605148723e-02 1.1307600789724589e-01 -1.1445860063430524e-01 -1.2129433518380318e-01 8.9627343962673023e-02 -6.8069374169918749e-03 -1.3633176325064755e-02 -1.1246535972776772e-01 -1.1758536321943243e-01 -1.2295874662292781e-01 -9.0781289323727074e-02 -8.6573770071294298e-02 -1.0428173845631163e-01 -8.5155123801883809e-02 1.3462160923695254e-01 1.2500761633853355e-01 -5.1251244317791919e-02 -6.2517595257089567e-02 -5.7381402422216170e-02 -4.1689722309959772e-02 2.3176440191859955e-33 -6.1968440561834724e-02 7.5996402954696909e-02 6.6137077439191061e-02 8.3593347902406384e-02 -1.4604127803776146e-01 -1.4257793722158121e-01 -1.3646466223562892e-01 -1.2563190049409026e-01 -1.2061041816371858e-01 -1.1892286808177240e-01 -8.7871013809535201e-02 -7.8628667063921617e-02 -1.1776036200384686e-01 -1.1797798048065619e-01 1.3668997519100942e-01 7.3831489491259844e-03 -4.6726467802153927e-02 7.1505874597498270e-02 7.5753783991762483e-02 7.9073725613485399e-02 8.5283431790982328e-02 6.0299342966958283e-02 -7.7245036562082911e-02 1.3937599273236370e-01 1.3469632246262309e-01 -9.6676889146626324e-02 6.7411242363240934e-02 1.4504967072573163e-01 1.5110176822641666e-01 -1.8879836441352489e-33 -6.1690204501260830e-03 1.1861083153183642e-01 3.8795845860487128e-02 -1.8124412789375963e-02 1.2232055345428604e-01 -4.4036116676394503e-02 1.0108896880411011e-01 1.4193699376242860e-01 1.3607531144875454e-01 1.2931474877508586e-01 1.3324401721985804e-01 -1.2590330425810545e-01 -1.2880128918067241e-01 1.4113313060613822e-01 -5.2818878650550911e-02 -1.6361081687621172e-33 2.1169406833647879e-33 7.4916942445134957e-02 -3.1802136348622397e-02 4.6502799619934268e-02 -1.2012513357537490e-01 1.4717474103056046e-02 -2.0482384945321758e-02 -2.7918895695080850e-02 -2.0221468059093004e-02 -2.4059392383597559e-02 -3.6890615749660925e-02 -1.6402098351121695e-02 -1.1375253052074803e-02 -7.5885034384729931e-03 -3.8091765033997009e-03 -3.3702995079611792e-05 3.7415207235823303e-03 7.5200112604259933e-03 1.1305257506853279e-02 1.6329329792714193e-02 2.3980049747830467e-02 2.0145721491265162e-02 3.1712932579699156e-02 2.7834756025654994e-02 3.5615935154184424e-02 -3.4376647107324347e-02 -4.1462480351507604e-02 -2.7382719655230984e-02 -5.1468703143380694e-02 -6.4481052377956885e-02 -6.9822698091173044e-02 -1.0638144714307753e-01 -9.4851556765347775e-02 -6.6416021464521663e-02 -5.8946613845542110e-02 -7.3861147424175891e-02 -1.2958885977303966e-01 -7.8078345095130466e-02 -1.0477173609048529e-01 5.4218111885769749e-02 2.2013598359564606e-02 2.9306181293479571e-02 4.5800305491652420e-02 5.0060129594753422e-02 4.1583765780968222e-02 6.2350468864657664e-02 5.5691354105057420e-02 8.9666670367362450e-02 1.0828762996277487e-01 9.6612707811828971e-02 8.4730545038285296e-02 1.3112758696706764e-01 1.1755207894082313e-01 1.1110157456222267e-01 9.6088818654328181e-02 9.3633871226140933e-02 9.8726572364091200e-02 1.0317632065576486e-01 -1.1115265699840036e-01 -1.2443586615137099e-02 -1.8821677543817677e-02 -1.1063429090835973e-01 -1.1081688263436913e-01 -8.6671391623795072e-02 -9.0294909525686959e-02 -8.1206095469328707e-02 -7.8728880118022912e-02 -8.1336245539691945e-02 -9.7655762064456766e-02 1.2417101434508739e-01 1.1422093446232609e-01 1.1513724442232452e-01 -4.8102094729523884e-02 -5.9828208818228833e-02 -5.4297720576857895e-02 -4.2265346720959829e-02 6.8050210777673486e-03 7.7040202236525121e-02 6.9534935455545413e-02 6.1921889629304963e-02 -1.3508984914110309e-01 -1.3944914488901283e-01 -1.1880225857256850e-01 -1.1693953050315489e-01 -1.1194492646551570e-01 -1.1227195426109295e-01 -1.1061256287009312e-01 -8.3439069349996453e-02 -1.1065133348652796e-01 1.2779920682282686e-01 1.3629077155969503e-02 6.9652103852175365e-02 7.6626229675061039e-02 8.3349667507591929e-02 -7.1835544767762133e-02 1.2922997442595482e-01 1.4587775516010709e-01 1.3624549217793278e-01 -5.1506911824752352e-03 -1.0494766954931510e-02 1.1053084595096381e-01 3.6640526650044830e-02 1.1559890949859501e-01 -4.8656270270747121e-02 1.3578998894166625e-01 1.2903701800800527e-01 1.2607156803591049e-01 1.2407061621438906e-01 1.2091458843824163e-01 -1.2179546186177868e-01 -1.1566773603065426e-01 -4.4614890995262960e-03 -1.3702333347769757e-33 6.1674435877557008e-03 1.8875038029152115e-33 7.0842554561608664e-02 -3.2748446737629021e-02 4.4013055398776257e-02 -1.2230010344892102e-01 -1.0755062835039118e-01 8.0511880685842372e-37 -8.1751562554314022e-34 -5.4391791959293507e-34 1.3701282937352737e-33 -2.7047246419376244e-34 1.6357863641896995e-33 2.7008454232855919e-34 5.4441949023216002e-34 5.7481228577759447e-02 8.2004536874052837e-34 -1.0976222886250892e-33 1.0960717648025189e-33 -1.1339446877328803e-01 1.1732467445662791e-01 1.0213014109599994e-01 2.0475539693436160e-02 -2.5325699815344018e-02 -2.8644554002463987e-02 -2.0534987596576602e-02 -2.4574861952609554e-02 -3.7864559387034695e-02 -1.2526246748376818e-02 -1.6520377337998667e-02 -7.9582058074000438e-03 -3.9928312269707361e-03 -3.2660607756626732e-05 3.9272053927073376e-03 7.8916596827818628e-03 1.2457868226477873e-02 2.0461193463056068e-02 1.6449663989132675e-02 2.4497144090438881e-02 2.8561988622019047e-02 3.2659969750326291e-02 3.6794928520192560e-02 -3.8819477370034321e-02 -3.1992730249416616e-02 -4.5821042601929950e-02 -5.5957193955182567e-02 -6.6260017506904315e-02 -6.1673332570166876e-02 -9.5770573844136911e-02 -8.8547830308422934e-02 -6.3322849360669009e-02 -7.8203980608635967e-02 -7.1356709846987554e-02 -1.3064304983779659e-01 -7.2455377786436070e-02 -9.7849567384130365e-02 -1.0223292287900441e-01 5.1436164646065825e-02 2.7372279344895781e-02 3.4361387282728945e-02 4.6612296541026756e-02 5.1122706030377406e-02 4.2162555584150919e-02 5.9186616315549452e-02 6.4330534278205245e-02 5.2931659205048866e-02 8.6004949828346430e-02 1.1219800496074585e-01 8.7741263838020514e-02 7.7022938511400643e-02 1.2175802409185969e-01 1.0418815641811639e-01 8.9634564960376764e-02 8.8236100533922390e-02 9.2795637370839137e-02 9.8302912690921410e-02 -1.5992907087469515e-02 -2.1701768897668266e-02 -1.0393251962882950e-01 -1.0380275461643813e-01 -8.4160583163157207e-02 -8.0878456429230916e-02 -8.7691732402568792e-02 -7.6486942065441696e-02 -7.5187564181053088e-02 -9.1205208505067886e-02 1.1306623413690740e-01 1.0931445618084587e-01 1.0747680856669085e-01 -4.3238692231823278e-02 -4.8910197840470848e-02 -5.5659478793168633e-02 1.2440168187175872e-02 5.8901325887037247e-02 6.6355908920849582e-02 -1.2863807926548640e-01 -1.0876159413510074e-01 -1.0942590511472314e-01 -1.0539189545182172e-01 -1.0610642017493004e-01 -1.0431477246334621e-01 -1.0109655225813283e-01 -1.0242573142412292e-01 1.1704293274899659e-01 1.1613918801126090e-01 1.8815453684112082e-02 7.8861618092987196e-02 7.2334767651462864e-02 1.1895253924455355e-01 1.3944036046450206e-01 1.2912162621169465e-01 -9.2094003026242984e-03 -1.4220030185097361e-02 1.0305814080151643e-01 4.1440778950543607e-02 -5.2998100402894377e-02 1.2432766443263954e-01 1.2948673978935701e-01 1.1793135927166430e-01 1.1026772011529364e-01 -1.1859453879646080e-01 -1.1247267572104426e-01 -1.0665625522811072e-01 -3.5136846452216643e-03 -7.3716740382659468e-03 1.0492378339644925e-02 5.1495973150255418e-03 6.6128127809915629e-02 -3.3519184443894602e-02 4.8626024907383984e-02 -1.1733458471096701e-01 -1.0092707658131303e-01 -2.9227657213086622e-05 -1.8389024827765844e-03 -2.7863057483060619e-03 -9.3070394345933470e-04 3.5142760828718758e-03 4.4608857451661063e-03 9.3168218352890971e-04 1.8695878250383805e-03 2.6582441673484122e-03 -1.0711180712897714e-01 1.0968096535844164e-01 1.0607813744841443e-01 9.1414962844404854e-02 -9.9020378180392665e-02 -1.1159609012783485e-01 1.2137871053303544e-01 -9.6626698360788341e-02 -7.8250865021774238e-02 2.5316351264153537e-02 -2.7614354241823905e-02 -2.9223535712428639e-02 -2.4971613250059994e-02 -2.0757251360320365e-02 -3.8910473614961354e-02 -3.4420815511887942e-02 -1.2416394552329624e-02 -1.6574247176407358e-02 -4.1511554230702881e-03 -8.2774214876127246e-03 -3.1389607553394476e-05 4.0880688080360142e-03 8.2133618426245090e-03 1.2350721395327549e-02 1.6506248160751753e-02 2.0686137401023836e-02 2.4896528482430690e-02 2.9143497789698304e-02 3.3433044970171889e-02 3.7770951260941904e-02 -4.0118035078259486e-02 -3.3755408000155675e-02 -4.6693674605089240e-02 -6.0311565363401196e-02 -6.7845553702780212e-02 -6.2271234790531337e-02 -9.0900038220737348e-02 -8.3037850121067805e-02 -7.5792716152368281e-02 -6.7601781812953191e-02 -1.1276805966393398e-01 -6.9220816703231200e-02 -9.1205653340517098e-02 -9.7307217646877234e-02 5.5915575185114565e-02 3.1979219492566831e-02 3.8800436954536277e-02 4.7991604512861170e-02 4.3139905159158942e-02 6.0758645003468281e-02 5.4180905486928117e-02 8.1782666410133667e-02 1.1361043986016685e-01 8.1119125965376293e-02 7.0668253056865415e-02 9.7493044050028899e-02 8.3428683588459424e-02 8.6989739977767142e-02 9.3390508518001999e-02 -1.9519624407014210e-02 -2.5123975235411263e-02 -9.7195458916518609e-02 -9.9259228167861216e-02 -8.1630235924440367e-02 -7.5298309863537125e-02 -8.4932164783032948e-02 -7.0368666699780993e-02 1.0584357297217402e-01 9.8888493917660983e-02 9.9760216374468358e-02 1.0210668767070527e-01 -4.4120637244355471e-02 -4.9833154036210060e-02 -5.6880583899841707e-02 -5.1649880539102362e-02 1.5988857557704267e-02 6.3265243448721392e-02 -1.0184515539759274e-01 -1.0009702897641481e-01 -9.5202892883367349e-02 -9.4165683241834067e-02 -9.4919616538730808e-02 1.1037964533037782e-01 1.1070212504981056e-01 2.1695420059336296e-02 7.3573037868282939e-02 6.7732391068806574e-02 1.0777029005086623e-01 1.3088773493994918e-01 -1.1563954096341656e-02 -1.6104393916879584e-02 4.5794721753095673e-02 -5.3476043863445101e-02 1.1770639781359186e-01 1.1384471706579542e-01 1.1087573859364712e-01 1.0065731231850727e-01 1.0245568228744313e-01 -1.0793429977883486e-01 -1.0409720568579854e-01 -9.8456545551891927e-02 -5.6014359559674607e-03 -9.5984962226034493e-03 9.2080812054169837e-03 1.4217798004509152e-02 -3.0101595226391515e-02 5.2962067204524975e-02 -1.0357343422891543e-01 -8.8301661528809736e-02 -9.5398043978854694e-02 -1.8251822375126396e-03 2.9543231560482999e-06 -3.8892221602979224e-03 6.0057293347448590e-03 7.3701323778942217e-03 1.8649074776123807e-03 4.0067616831631035e-03 1.0439853550281852e-01 1.0496137939719626e-01 9.5540708934274896e-02 8.7449193964398916e-02 -9.2073873989519592e-02 -1.0220748417799010e-01 1.1111377215275094e-01 1.1704923738875238e-01 -9.0925506680291465e-02 -7.5790726822183921e-02 -7.3170827241390221e-02 6.9125800715722496e-02 1.0118536397324743e-01 -1.0631446941385032e-03 9.6206802396941737e-02 -8.8512251760209174e-02 2.7604994432200321e-02 -3.1044133467619205e-02 -2.5832472892556312e-02 -2.1282745968117571e-02 -3.9888139661820081e-02 -3.5262086123127888e-02 -3.0308986770613253e-02 -1.6773888363009581e-02 -1.2722406577836597e-02 -8.6909085918005381e-03 -2.9856399770344243e-05 -4.2507395074980964e-03 4.4018712485541615e-03 8.4181945065362664e-03 1.2659826035852440e-02 1.6922898346425571e-02 2.1214801470623088e-02 2.5760367609230565e-02 3.4115517432112961e-02 2.9914778456476037e-02 3.8820242350508904e-02 -3.7268104447858053e-02 -4.3780559154764524e-02 -5.0567161559258202e-02 -5.7606222688427251e-02 -6.3481721727890336e-02 -8.0204350312289382e-02 -7.2413414054901121e-02 -6.5555684671830539e-02 -1.0033547438098948e-01 -8.4923541866458160e-02 -9.0814307318329610e-02 6.0262204954708701e-02 3.3742068609423977e-02 4.0099585176202934e-02 4.9290517582779234e-02 4.4976192727688984e-02 3.9802965965192373e-02 6.2167800344445336e-02 5.4785262208889400e-02 5.7849580064775051e-02 7.6404809162900197e-02 1.0261574362315126e-01 7.5240266743089868e-02 6.8358432707300035e-02 9.3627716206209466e-02 8.2162709534848138e-02 7.7448265112358305e-02 8.4892141496589774e-02 8.1311600953477101e-02 8.8466308783357039e-02 -2.1016381329647758e-02 -2.6288102707108425e-02 -9.1613880389187149e-02 -9.4233272804079032e-02 -7.8836905759927078e-02 -6.7358603591792285e-02 -6.4493177937875304e-02 9.6853485590049304e-02 9.2177621082712449e-02 9.4694960939940911e-02 -4.4897024032661700e-02 -4.5555135705026770e-02 -5.3903904408459727e-02 -5.7942452007168209e-02 -4.8894999619742918e-02 1.9515618167569141e-02 -9.2873866559899154e-02 -9.3420290947952525e-02 -8.8689299159213655e-02 -8.7328971837223310e-02 -8.7625452919016231e-02 -8.7943160361308823e-02 1.0076076329588014e-01 1.0251711937836970e-01 2.5117709437470801e-02 7.0291256475512084e-02 6.4807040716808040e-02 1.0086826777494444e-01 9.8539495258742518e-02 1.1402135497164297e-01 -1.3710862418858898e-02 4.6668758614696208e-02 1.0786563442605454e-01 1.0659283764197287e-01 9.2896697790795554e-02 9.5560100665330161e-02 -9.6271696348513666e-02 -9.6460629647078786e-02 -9.0983243886846074e-02 -6.2884807860272580e-03 -9.4961886557338917e-03 1.1563692050439821e-02 1.6105478937257476e-02 5.3442583373642646e-02 -9.4387830153388488e-02 -9.2344325155625337e-02 -8.6474989719542664e-02 -3.2989472614806080e-03 3.0832693969969955e-04 6.5923746140810670e-03 8.7863120493940402e-03 3.3928978873949732e-03 9.5296387649197858e-02 8.2920272317513644e-02 9.0075603332597662e-02 -9.1794903775398659e-02 1.0577451123669300e-01 1.0388062317674022e-01 -8.4645468793665954e-02 -7.0923853511613025e-02 -7.2445952727543950e-02 -6.8262162226378043e-02 9.5453697963923612e-02 -2.0896974563144248e-03 9.1075156913721034e-02 9.0204692216495505e-02 -8.2695666855559860e-02 -8.2957235200351850e-02 5.9440478035186102e-03 8.9257202687145459e-02 1.0229999368078539e-01 -7.8584096713778848e-02 -4.4225365128457012e-02 3.1034800994786643e-02 -3.1928322992262344e-02 -2.5766884873596945e-02 -2.1771186955114607e-02 -1.7371758001051538e-02 -4.0784627157549984e-02 -3.5327000882136715e-02 -3.0470525851402707e-02 -1.3006293642254347e-02 -8.6661261656322767e-03 -4.3427618664966458e-03 -2.8012848690395107e-05 4.7181822547429511e-03 1.2512705324162795e-02 8.6088747256777079e-03 1.6873141513452147e-02 2.1707208432057996e-02 2.5699600149279241e-02 3.0634684336999056e-02 3.5183922187444400e-02 -3.7919078501402165e-02 -5.0834087829476904e-02 -5.5080165278071781e-02 -5.8829763554107843e-02 -7.7465053222137911e-02 -7.0113841946887481e-02 -6.2450200970370510e-02 -8.9512248895769142e-02 -7.8677519165440649e-02 -8.3944622040380390e-02 5.7573550482678995e-02 3.7254657117238306e-02 4.3762524078110467e-02 5.0488103571914966e-02 4.4812045688368919e-02 4.0705880944463674e-02 6.0604607451720020e-02 5.1564965580433123e-02 5.6507207380670256e-02 7.2286014417784192e-02 9.6695984987385117e-02 7.2353797089576413e-02 6.4855398011218424e-02 8.4744084914669685e-02 7.5642532285910016e-02 8.1886613090869517e-02 7.5761842741309496e-02 -1.6385679462170868e-02 -2.3433765960018216e-02 -8.2920442101864653e-02 -8.5097648104150977e-02 -7.2304204756820492e-02 -6.3509062445264344e-02 -5.9666577741511205e-02 8.8552106343907172e-02 8.3917770169909242e-02 -4.6084321163680782e-02 -4.1587741789954960e-02 -4.9677840583612277e-02 -5.3354101998661967e-02 2.1012553820482980e-02 -8.5660316692442548e-02 -8.6740593237044319e-02 -8.2053907916197502e-02 -8.0044931524751464e-02 -8.1931872917429274e-02 9.2916681183452213e-02 9.4019809673117183e-02 2.6285825381100584e-02 6.5286931782194024e-02 6.7300553968841395e-02 9.6646605118433745e-02 9.0936865877771167e-02 1.0056724011513903e-01 -1.2282809982055538e-02 5.0542667619999031e-02 9.6410253427054574e-02 8.8952491784775364e-02 -8.6142608217404909e-02 -8.7391158127847868e-02 -8.2678776432384957e-02 -8.4400000248095117e-03 -4.6110567115037566e-03 1.3560632110399757e-02 1.8772250392948327e-02 -8.4292226628776099e-02 -1.8815864067724439e-04 2.1808042632610529e-03 1.1305521414717886e-02 8.7653988721513015e-03 4.6170128215376497e-03 8.9778768137650691e-02 8.0122480200163534e-02 8.7915409412441720e-02 -8.2985700374541768e-02 9.4449018998055759e-02 9.2453725989580848e-02 -7.9098433080681166e-02 -6.6323205679037558e-02 -6.6212507904595749e-02 8.8552665396657834e-02 8.5373936287932217e-02 8.6108120612956321e-02 8.4398493419212059e-02 -7.7097011434162685e-02 -7.6599139680511255e-02 8.4257911080749037e-02 9.1895402168984827e-02 -7.2537457462194962e-02 -7.4331775327007105e-02 -4.5957606729179146e-02 -3.9328277675950263e-02 7.1965698183186488e-02 5.2504258139684991e-02 3.1920484517329324e-02 -3.4328760822208849e-02 -2.7907490811231728e-02 -2.6075141211143352e-02 -2.2216934929690835e-02 -1.7051238604505223e-02 -3.7687316407243661e-02 -3.1780381670173184e-02 -1.3264909227048380e-02 -9.4990179499626088e-03 -4.4263048807242624e-03 -6.8566334979513772e-04 3.7139391043467629e-03 8.7833109418735521e-03 1.3210615047842359e-02 1.8336730236068331e-02 2.2157860698594264e-02 2.7382956167426076e-02 3.5255606535185717e-02 3.1294577295092274e-02 -4.7149827418050239e-02 -5.3337206503611005e-02 -5.5894177449308753e-02 -7.4912531680329963e-02 -6.8702837159816524e-02 -6.0354743520483999e-02 -7.9802528683576165e-02 -7.4391565561870085e-02 -7.7461649053584700e-02 5.0813322827145922e-02 5.7684227957099335e-02 3.7906524397481378e-02 4.4213137101822612e-02 4.6480971926948007e-02 4.1516848957118657e-02 3.8349930119888728e-02 6.0439596918810130e-02 4.8586568831452966e-02 5.3292347754240021e-02 6.8219577877160362e-02 8.6669284866788154e-02 7.1360481941742118e-02 6.2425187021235347e-02 7.8681723111752019e-02 7.5593690872974531e-02 7.0879228697117380e-02 6.8902802829914511e-02 -2.0443471152148066e-02 -1.7771846246133888e-02 -7.9020594842244885e-02 -6.9442905905764532e-02 -6.6197592761977342e-02 -5.6637964665174123e-02 -6.0340235519901760e-02 8.0385838526782785e-02 8.2599595383398575e-02 7.8239090100383366e-02 -4.6475984758848253e-02 -4.2286095440807026e-02 -4.8574870299352674e-02 2.3435782506505767e-02 -8.0380582253602437e-02 -7.7975412584977324e-02 -7.3519550551452137e-02 -7.5098939208485135e-02 -7.5659677992738220e-02 8.5277270928844684e-02 8.7367423094204602e-02 2.8960756118054015e-02 6.1469320014813027e-02 6.2303017342314485e-02 8.7443966465157730e-02 8.2737577815085298e-02 8.9620023997027717e-02 -1.1299520823079527e-02 8.6239137043622960e-02 -7.9005770068723738e-02 -7.4924369855246378e-02 -7.0673627096778822e-03 -5.0293909745535289e-03 1.6083402118276205e-02 2.0445615299526359e-02 3.0102927295964162e-03 -6.2567530158195940e-04 1.1306933970450969e-02 6.5012350016736250e-03 8.3127827028095180e-02 7.8068881636917872e-02 -7.4628352225964603e-02 8.4331322561843475e-02 -6.1887995787897228e-02 8.1648220811169389e-02 7.8785092367574347e-02 8.0134042293703564e-02 7.6716379363293910e-02 7.8772749597319114e-02 -7.1698280570798426e-02 -7.0669598282161336e-02 8.3069575278286331e-02 -6.9654686238604366e-02 -6.7413085911402354e-02 -4.0094557682843368e-02 -7.2695214453513665e-02 -7.0212931749681308e-03 1.6026210859689693e-02 -3.0296641629858838e-02 -3.6095941449408364e-02 -7.5314573934423937e-02 6.6311615158527473e-02 3.4651835593951109e-02 -3.4958351153603691e-02 -2.5345717731528657e-02 -2.8182401435994466e-02 -2.2614823766943449e-02 -1.8946547267524292e-02 -1.3495312138096472e-02 -3.2091283767872340e-02 -9.8870151875232928e-03 -4.5002959740462443e-03 -2.3461170632533440e-05 5.3492809088211040e-03 8.9395895231430423e-03 1.2542765111201563e-02 1.8894961671897709e-02 2.6260908500352929e-02 2.2561227830202993e-02 3.1886020819200049e-02 3.5695956356736495e-02 -4.1114297886020633e-02 -4.7795144614157785e-02 -5.3891519673216322e-02 -5.2209656706568942e-02 -6.3533770493227282e-02 -6.6218877955320235e-02 -6.9644680719442895e-02 -6.9106295084092731e-02 -7.2110845338679855e-02 5.4626526437778447e-02 4.7628482956015662e-02 4.0096198956884356e-02 4.2224070897502519e-02 3.7263727207274028e-02 5.5843472091644177e-02 4.6420408111882278e-02 5.0397153679932867e-02 6.2929538218923484e-02 7.6976722885416890e-02 6.9531534272060089e-02 6.1240512620673627e-02 7.1916426245500445e-02 6.9529261710146187e-02 -2.0602437303175861e-02 -1.4638087864719712e-02 -6.5422658302004069e-02 -6.2314661210685830e-02 -6.0326360593211399e-02 -5.4674731912042196e-02 -5.7573862477456751e-02 7.6476233413496103e-02 7.3416401390498556e-02 7.5177683915180538e-02 -4.3331647607713318e-02 -4.2105627105073845e-02 -3.7821837847014490e-02 -4.6824155709641983e-02 2.5642130562620657e-02 -7.2441962103072965e-02 -7.0783783388113322e-02 -6.7742689855902621e-02 -6.6136638298848013e-02 -6.7684078159089431e-02 -6.9990503292760034e-02 7.8151779663310383e-02 8.1143888635875058e-02 5.7724890658767909e-02 7.9098399978121223e-02 7.5045693425419738e-02 7.9872019769536909e-02 -8.0039337796446990e-03 7.5921828243877651e-02 -6.9990201393328913e-02 -3.3677886791102676e-03 1.6500902545152383e-02 2.2886801791603486e-02 5.2416635459985169e-03 1.4350908754302727e-03 8.8722490092446680e-03 1.3825452011535755e-02 7.6864422746578745e-02 7.4943545752699778e-02 7.6117373637083041e-02 7.5596320840740180e-02 7.3621703170342126e-02 7.4506294739718260e-02 7.1828109587970049e-02 7.2751141807283412e-02 -6.4770208455735279e-02 -6.2603523956321072e-02 -6.3816187993395168e-02 -2.9696881664507947e-02 -3.2799351342660911e-02 -6.7759516190401034e-02 6.1876923081333454e-02 6.3531457857091342e-02 -1.7373032827230586e-02 9.0757788397458211e-03 5.4651073307971539e-02 -4.0552560587225776e-02 2.9330652384538719e-02 3.4966306255273166e-02 -3.4988576441681234e-02 -2.3003874069200268e-02 -2.6488099933585148e-02 -2.2959755330598634e-02 -1.8304631317466295e-02 -1.3694641655438032e-02 -9.1182330230285807e-03 -4.5639071878850407e-03 -1.1560459442905523e-03 4.5221697405020593e-03 1.2504635927119300e-02 1.7103743004507951e-02 2.2912391770795629e-02 2.7622134024031551e-02 3.2401354722259947e-02 -4.4622521297759399e-02 -5.8495027795312231e-02 -4.9821341230939252e-02 -4.9190209690917024e-02 -6.2000407523425553e-02 -6.3925197174416484e-02 -6.4432211723354893e-02 -6.1480867974342150e-02 4.7804640303857719e-02 5.3452015218706399e-02 4.1866177251277281e-02 4.1292290134707255e-02 3.6281059256580921e-02 5.1084652825708163e-02 4.3289280510794420e-02 4.7018197215105154e-02 5.7562706375935503e-02 6.7577071134506853e-02 5.9282456404150106e-02 6.3498199996976659e-02 6.7528761195748452e-02 -1.1208649354132801e-02 -5.7736225250827888e-02 -5.4661953060199171e-02 -5.1990180536622625e-02 7.0358085150279179e-02 6.6811923444475091e-02 6.7756343866185953e-02 6.8975541546176355e-02 -3.8217525347188364e-02 -3.3798190258861487e-02 -4.3911824731202136e-02 -6.4974462639765737e-02 -6.5240626909667934e-02 -6.2178237495431721e-02 -6.0768183244365379e-02 -6.3404953788225804e-02 -6.3166713787352377e-02 7.0935384324836689e-02 7.3517992107675970e-02 7.1310197559701360e-02 7.2267237397640557e-02 -7.4569575249871624e-03 6.6942549692655506e-02 8.1677608472844048e-06 1.9611175487926669e-02 2.5096035361060386e-02 8.1179520616970011e-03 1.1308702254570412e-02 1.7084480239384567e-02 7.0905660786691416e-02 6.6261178052175670e-02 7.0231219056934510e-02 6.7959763318287306e-02 6.9815695851681223e-02 6.7074509153028816e-02 6.7597615176308079e-02 -5.8722654969066541e-02 -6.0309355064945190e-02 -5.7490562023780063e-02 -5.9195556603195698e-02 -2.8125282215612217e-02 -2.9473388718601983e-02 -6.0848287637521536e-02 5.9037431619769369e-02 -1.7314842155994010e-02 9.1062242327025825e-03 5.1979451262609923e-02 4.9167978460116751e-02 -4.0993414962961043e-02 -3.6471028440037752e-02 6.4441487064056710e-02 -4.7915472522512263e-02 1.5803339553857880e-03 2.9055824580871470e-02 3.9419212490972973e-02 -3.1489392697168328e-02 -4.0259108062962325e-02 -2.3011282290219263e-02 -2.3247531670499137e-02 -1.7124775038428911e-02 -1.0613954752087361e-02 -5.9977466607085981e-03 -1.3968440201271250e-03 5.9617006966829053e-03 1.3823232529640243e-02 1.8491296162196014e-02 2.3207015628619234e-02 2.9429890463113711e-02 -5.0892239671505676e-02 -4.3863330708405028e-02 -4.3926650548043907e-02 -5.6028871021468571e-02 -5.7770447690301534e-02 -5.8774224127630330e-02 -5.5854533408309981e-02 4.4644971820114489e-02 5.1335144502305786e-02 3.8177997927005380e-02 3.3177221116144025e-02 4.3632456527253623e-02 5.4664179885564761e-02 5.8525849580352708e-02 5.6627319694421870e-02 6.3240829484617303e-02 5.9656228423652369e-02 -1.1305215343881923e-02 -5.3281024620525773e-02 -5.0397758359576016e-02 6.3471642985446816e-02 6.2762841131315264e-02 6.1170033995127479e-02 -3.2353581837550639e-02 -2.8305241489830071e-02 -5.7993374816815824e-02 -5.6797105199231708e-02 -5.4795247714105259e-02 -5.3696910369830909e-02 -5.6517946399087048e-02 -5.6764604672015433e-02 6.5354207864156758e-02 6.5129529173922215e-02 6.0937356626785892e-02 6.2060225381532316e-02 -6.6271207340042665e-03 -1.8164453971491114e-03 2.7498561835589239e-03 2.1499429893461697e-02 1.3812592151842112e-02 7.8430515536912267e-03 1.8291985123974390e-02 6.4957490484461713e-02 6.3339245257917051e-02 6.0994302734321514e-02 6.2506051258431186e-02 6.3948500537405487e-02 6.0075427857667438e-02 -5.4375344277911415e-02 -5.2723956264927055e-02 -5.5702310319251665e-02 -5.2941802839462891e-02 -1.6587134167272786e-02 9.1229025165531739e-03 5.0399109957950286e-02 4.7904797127230607e-02 4.5027812858404709e-02 -3.6376795165930377e-02 -4.0015032930854080e-02 -3.3665365669140308e-02 -4.6231184352397196e-02 2.9870909654829891e-03 -2.7539329632042246e-02 3.8472590795046398e-02 -3.8192407831003257e-02 6.0461556706366645e-02 2.3036010439521495e-02 3.2734043723860066e-02 4.0285104530990067e-02 -3.2601501376378322e-02 -2.3578684982530764e-02 -1.8182905239990912e-02 -2.3474396553156876e-02 -1.8707521895983330e-02 -1.3991150993538051e-02 -9.3118566543005706e-03 -4.6571664101568572e-03 -1.4724106041352889e-05 6.2544822739435896e-03 1.2319218626690628e-02 1.7020337341489822e-02 2.1766725571422871e-02 2.6571899011082662e-02 -4.4236263496514577e-02 -5.0779048012932683e-02 -4.1283305052776914e-02 -3.8663255891116431e-02 -5.1413512859839729e-02 -5.3303180723594426e-02 -5.0408058123105760e-02 4.5635528172775879e-02 5.4907957182932711e-02 3.3427342272575815e-02 2.8479038177768895e-02 4.0972585774561171e-02 4.8949531992187420e-02 5.5883685105017608e-02 5.2419121581935922e-02 5.7987263285779814e-02 -1.1096501762794033e-02 -4.8936236842621071e-02 5.7932756239755148e-02 5.6871277247213026e-02 5.5650293016491700e-02 -2.8506013718297744e-02 -5.0670868430699970e-02 -5.1575375904560961e-02 -4.9300793183577316e-02 -5.0498398400978632e-02 -4.8002151030539501e-02 -5.2514918103554645e-02 5.8110653587470078e-02 5.4713355796915837e-02 5.3521357374460642e-02 -3.5383859605137486e-03 2.3841318177323864e-03 8.8252483616585234e-03 1.4465896103115857e-02 5.8870048451085323e-02 5.6897098365887501e-02 5.7371889444724482e-02 5.5829549595165541e-02 5.8801475562589890e-02 5.4288606832122034e-02 -5.0072506995089132e-02 -4.8718966890783082e-02 -5.1133815851963881e-02 4.6232103197173448e-02 4.3916239789528251e-02 -3.6172610244730286e-02 -3.0852995168505919e-02 -4.3642989478616744e-02 3.6357080046127442e-02 -3.4064410303455230e-02 5.4502370152093284e-02 3.9590576823376682e-02 -4.6539141932845890e-02 -4.6623360195522760e-02 2.7570809428979985e-02 1.8214042247980289e-02 3.2639303124907419e-02 -2.5538506345677982e-02 -1.9204938102410755e-02 -1.1151200678669940e-02 -2.3637368503556914e-02 -1.6929332350066054e-02 -1.1253540741450669e-02 -7.4953033114659373e-03 -1.8804725675701493e-03 2.7920054945511116e-03 1.0288845707035350e-02 6.5348489290263647e-03 1.4060486822305788e-02 1.8810310178631964e-02 2.3611761208183205e-02 -3.9430738285315299e-02 -4.2369805644781086e-02 -3.8482764291252046e-02 -3.4907677400948071e-02 -4.8597212525115570e-02 -4.7994947050478520e-02 -4.5118099315916115e-02 3.8223330560492048e-02 4.6599329247265335e-02 3.0834156630227930e-02 2.6397284227060547e-02 3.8716792151589741e-02 4.3321650655133097e-02 4.3654146207522969e-02 4.8564890599790848e-02 5.3344063234789248e-02 5.1251904630636246e-02 5.1640493204544065e-02 4.9824047061652360e-02 4.9870996780421228e-02 -2.6415405691628004e-02 -4.3360486595917069e-02 -4.1615758824836792e-02 -4.6491434498308497e-02 -4.4986658597196270e-02 -4.5554442404086903e-02 -4.3379626343220436e-02 5.2612215046511313e-02 4.8106080861792334e-02 4.8261800042294106e-02 -2.9539756241479640e-03 4.4681727705087283e-03 1.2625469096877256e-02 5.2843843645937257e-02 5.2809962145221913e-02 5.1242849663995900e-02 5.0183266593969607e-02 -4.5812100961583550e-02 -4.4742231020257185e-02 4.1501994256414487e-02 -3.1341563156323311e-02 -3.1142654737705881e-02 -2.6204351264586315e-02 -3.8335857513898737e-02 3.3635074266061687e-02 -3.2815808427664517e-02 4.8826114146837733e-02 -4.0981553055083476e-02 -4.2173437478159881e-02 -1.4235412921084234e-02 -4.1302715885772522e-02 4.6718323817657045e-02 2.2574938144075952e-02 1.5812628547346799e-02 2.7176488235838216e-02 3.1983658857267366e-02 -2.6113431718435696e-02 -1.9501415277127235e-02 -1.0488917046006465e-02 -5.3880623261425547e-03 -2.1074013740202877e-02 -1.6757839134901042e-02 -1.1532978358656919e-02 -4.7015235976587194e-03 -8.1743353879016212e-06 6.8002840305966764e-03 1.0452876763055450e-02 1.4122618491828739e-02 1.8893273435609679e-02 2.2626103553817164e-02 -3.6558330833568402e-02 -3.1712587467973112e-02 -3.4926184136740750e-02 -2.8489243414363045e-02 -4.2234459767016522e-02 -3.8125004671684976e-02 3.9490493777287146e-02 2.8653176148335822e-02 2.3754516771842680e-02 3.5859605124694348e-02 3.8207778903807735e-02 4.1333955766210385e-02 3.8492551119794736e-02 4.8031256036991599e-02 4.7356265415405767e-02 4.6549118528505379e-02 4.4586507551881933e-02 4.5621304404284004e-02 4.8093516124443188e-02 -2.2550818981413697e-02 -3.5923337733842257e-02 -3.8796037563444678e-02 -4.2511202319847417e-02 -4.0279396230112514e-02 -3.9998956337500897e-02 -3.9056575876683652e-02 4.7111689742479756e-02 4.2444381515669392e-02 4.1698746679941993e-02 1.9470594751743804e-05 5.4264954898491291e-03 1.0528471809215510e-02 4.5909793749184143e-02 4.4839238783630886e-02 -4.0793103922972702e-02 -2.7510309832437050e-02 -2.3726590972051955e-02 3.1340300114042687e-02 -3.1177170749556799e-02 -3.5627105394223160e-02 -3.6805868531160864e-02 -3.7781659772362690e-02 -3.7727840055810459e-02 4.1067035365493214e-02 4.2257247949262222e-02 -3.7274067844814587e-02 -1.3267300587653030e-02 2.1585815242363551e-02 1.5407095754728274e-02 2.8497835945700122e-02 3.1238595986725019e-02 -2.5794395154374459e-02 -2.1375249520105954e-02 -1.6559488055225620e-02 -6.3653628925021393e-03 -1.8933367411339237e-02 -1.4155571151324335e-02 -9.4171586187045565e-03 -2.3538728605349908e-03 -5.8808723885228316e-03 1.1695438326688678e-03 4.6949233864086934e-03 8.2272762064871125e-03 1.1772625641354716e-02 1.6528948838340978e-02 2.0125780738646012e-02 -3.0660178490408686e-02 -2.8280198970498445e-02 -3.1380106927839380e-02 -2.3621637582346200e-02 -3.6666956589451995e-02 3.6629154270840708e-02 2.5916605287457446e-02 2.1546547131427927e-02 3.1455197899949598e-02 3.3204521899613260e-02 3.6319211566247754e-02 3.7311669181741572e-02 4.2276593798060307e-02 4.2563670470735837e-02 4.3459849735263810e-02 4.1496086594745581e-02 3.9879382357372713e-02 -1.9983247547214644e-02 -2.9217117432994554e-02 -3.4223057547252071e-02 -3.5194280502818927e-02 -3.5970436506046845e-02 -3.4348379130093754e-02 3.9802704025369805e-02 3.5999769573291145e-02 2.1538851657412817e-03 8.8048774351008052e-03 3.9642623068426003e-02 2.8443340036620860e-02 -3.1723657328949391e-02 -3.2670573583705592e-02 -3.3443539211814567e-02 -3.3618734617551209e-02 3.6882940867472562e-02 3.5704686069628039e-02 3.7856470780620301e-02 -1.1688047351120055e-02 3.9133633911409803e-02 -3.3605905185695423e-02 -2.7845149097341298e-02 1.9026691385294055e-02 2.3808261575837011e-02 1.1737540401150194e-02 2.5852696520116122e-02 3.0726994213976649e-02 -1.7595723595047543e-02 -2.4576647491473851e-02 -4.8855626702292709e-03 2.3765413679959270e-05 -1.6273553341067743e-02 -1.1999088749683891e-02 -6.8100280728094972e-03 -2.5819038423771441e-03 2.1097961562768371e-03 7.2778114721934201e-03 1.4129816159606306e-02 1.7823228893105978e-02 -2.6553248473967367e-02 -2.1776616124005502e-02 -2.7632200086398630e-02 -1.8820133101091457e-02 -3.0951710220732263e-02 2.5566440309040310e-02 2.1699636324344965e-02 2.8295487678375090e-02 3.1404933923538249e-02 3.2445311439154557e-02 3.6712829191960610e-02 3.8676006699036640e-02 3.6023459796567743e-02 3.5253423830245108e-02 -2.2518088308786269e-02 -2.6950875649763149e-02 -3.1096909286526215e-02 -3.0611071191148444e-02 -2.9153750820113844e-02 -2.9705239815291950e-02 3.4299099981387964e-02 2.9285902569033573e-02 4.9341337782428255e-03 -2.8572309439407872e-02 3.2740686381232349e-02 3.1794903728625694e-02 3.3511072808593743e-02 -8.2705695301398836e-03 -2.3990013172471236e-02 3.3652486047667490e-02 1.7650633430628369e-02 1.2132989623363408e-02 2.1583845288124810e-02 -1.5406460436028684e-02 -2.7415183670015299e-03 5.5585850846855611e-03 -1.4070324613077103e-02 -9.3585989621109544e-03 -4.6720569097683830e-03 1.9441866652317302e-06 4.8028060439513475e-03 7.4856941580862587e-03 1.1243909228417330e-02 1.5969740938900301e-02 -2.1796464505971138e-02 -2.4093976252249294e-02 -1.5615620509868840e-02 -1.7096258261135509e-02 -2.7201688521379098e-02 -2.6707421974833136e-02 2.3464845011357000e-02 1.8698049654315495e-02 2.4664568451415507e-02 2.7662824333236979e-02 3.0992136183336079e-02 3.4412400073415665e-02 3.0658202507936227e-02 3.0698346931451580e-02 -1.7502199198694699e-02 -2.1530799101105447e-02 -2.6155586887478575e-02 -2.4507187207464354e-02 -2.4906558624520916e-02 -2.5552939295211956e-02 2.8832386614006552e-02 2.4255153832218615e-02 2.8636683648400191e-02 2.7911333855613955e-02 2.9215350453233934e-02 -6.0907333815753478e-03 -2.0155523671312073e-02 2.1337454225547958e-02 1.5389634469609975e-02 9.2024203725048562e-03 1.9232730295825572e-02 -1.2494688710050147e-02 2.6291559948855115e-05 -9.2914273112508061e-03 -3.0115895304632730e-03 1.6294697652509001e-03 4.5467430952386085e-03 9.3022017785922423e-03 1.3981609587531156e-02 -1.8269294919649053e-02 -2.2571166823353420e-02 -1.2439962357054968e-02 -1.3660828144941272e-02 -2.2167716522530804e-02 1.8520718799052930e-02 2.4122591592158887e-02 2.7239163913155295e-02 2.6751053775941658e-02 2.9763084381606301e-02 2.6204513584362713e-02 -1.6136510810734094e-02 -2.1275711510428164e-02 -2.1009229508337963e-02 -2.0470982416596551e-02 -2.0695943496141862e-02 2.3397034873344751e-02 2.4566885541621879e-02 2.4051750992337622e-02 2.4963358728767867e-02 -3.2987153295845084e-03 -7.8911312947788272e-03 -1.6338768588489899e-02 1.8295378999893652e-02 -1.7992855145800114e-02 -8.5073833480986578e-03 1.2550195875001415e-02 6.6782058368040397e-03 1.7990235333931792e-02 -1.1612743668217910e-02 1.6889698632273637e-03 -4.5899954449687098e-03 8.3164088214496528e-06 3.9165998345720675e-03 7.8323911483482583e-03 1.3851188738876566e-02 -1.3455742892156576e-02 -1.7675314964159344e-02 -9.0853723185289458e-03 1.4834255635840237e-02 2.1685692587531169e-02 2.2886072668252853e-02 2.5606282187376862e-02 2.1762409050456368e-02 -1.7320524361692142e-02 -1.6932577945934394e-02 -1.6515871414013991e-02 -1.6459220297505697e-02 2.0213588013446995e-02 2.0526915746466496e-02 2.0748913478665768e-02 -1.7560337915243785e-03 -7.1044454052833217e-03 -1.2536695868767872e-02 1.8024961430557301e-02 -8.9491483269721166e-03 8.0922312531426632e-03 1.2606991122321977e-02 3.5904365105923004e-03 1.6610733861803197e-02 1.2589881015810737e-02 -7.5289733137117792e-03 -3.3954570041664707e-03 1.1345404845658081e-05 4.5545258557428510e-03 1.0250380366805084e-02 -1.2554633642531595e-02 -1.3392146624897227e-02 -5.3587368272917111e-03 1.4391002407913911e-02 1.7712946917590539e-02 2.1058622750037528e-02 1.7362949254299608e-02 -1.2456811887692085e-02 -1.2360121105639419e-02 -1.1874910844789468e-02 1.6565838374180190e-02 2.5072083405594144e-05 -3.7503005396346688e-03 -8.7928162703785773e-03 7.5802406180538115e-03 3.8007483342220429e-03 1.2518005968874297e-02 -3.9361584931883889e-03 -7.9007779388389938e-03 9.0904391624642693e-04 4.4909566736942548e-03 8.0795529815523206e-03 -8.6183159821407434e-03 -4.3836939992650502e-03 1.3922327333071801e-02 1.1248560818894138e-02 1.6979159465888526e-02 1.2997433685181572e-02 -8.4275439728220096e-03 -8.2226245674077627e-03 1.2407839615597884e-02 2.3872242984239955e-05 7.9496988961573548e-03 3.9841971347634939e-03 -4.0971485486214097e-03 2.2452872812091839e-05 1.6623392175608852e-05 4.4170629940348920e-03 8.1646335851602529e-03 -3.8640909851397694e-03 -4.1999006005187349e-03 9.0901980706221634e-03 1.2713666077020106e-02 8.2687447620029761e-03 1.8824474966043924e-05 4.1423629645608888e-03 2.0782983020049322e-05 4.3337272815665824e-03 8.2586318140921294e-03 4.2417954972934950e-03 
</DataArray>
</PointData>
</Piece>
</UnstructuredGrid>
</VTKFile>
